gpu_code,processor,processor_manufacturer,brand,memory,memory_type
1,C420,AMD,Matrox,2.0,GDDR5
2,C680,AMD,Matrox,2.0,GDDR5
3,C680,AMD,Matrox,4.0,GDDR5
4,C900,AMD,Matrox,4.0,GDDR5
5,FireGL V3300,AMD,AMD,0.125,GDDR2
6,FireGL V3600,AMD,AMD,0.25,GDDR2
7,FireGL V7350,AMD,AMD,1.0,GDDR3
8,FireGL V7600,AMD,AMD,0.5,GDDR2
9,FireMV 2200,AMD,AMD,0.125,GDDR
10,FireMV 2250,AMD,AMD,0.25,GDDR2
11,FireMV 2260,AMD,AMD,0.25,GDDR2
12,FirePro 2270,AMD,AMD,0.5,GDDR3
13,FirePro 2270,AMD,AMD,1.0,GDDR3
14,FirePro 2450,AMD,AMD,0.25,GDDR3
15,FirePro 2450,AMD,AMD,0.5,GDDR3
16,FirePro 2460,AMD,AMD,0.5,GDDR3
17,FirePro 2460,AMD,AMD,0.5,GDDR5
18,FirePro R5000,AMD,AMD,2.0,GDDR5
19,FirePro RG220,AMD,AMD,0.5,GDDR3
20,FirePro RG220A,AMD,AMD,0.5,GDDR5
21,FirePro S10000,AMD,AMD,6.0,GDDR5
22,FirePro S10000,AMD,Club 3D,2.0,GDDR5
23,FirePro S10000,AMD,Sapphire,6.0,GDDR5
24,FirePro S7000,AMD,AMD,4.0,GDDR5
25,FirePro S7000,AMD,AMD,8.0,GDDR5
26,FirePro S7000,AMD,AMD,16.0,GDDR5
27,FirePro S7150,AMD,AMD,8.0,GDDR5
28,FirePro S7150,AMD,AMD,16.0,GDDR5
29,FirePro S7150,AMD,Club 3D,2.0,GDDR5
30,FirePro S7150,AMD,PowerColor,2.0,GDDR5
31,FirePro S7150,AMD,XFX,2.0,GDDR5
32,FirePro S9000,AMD,AMD,6.0,GDDR5
33,FirePro S9000,AMD,AMD,12.0,GDDR5
34,FirePro S9000,AMD,AMD,16.0,GDDR5
35,FirePro S9000,AMD,AMD,32.0,GDDR5
36,FirePro S9050,AMD,AMD,12.0,GDDR5
37,FirePro S9100,AMD,AMD,12.0,GDDR5
38,FirePro S9150,AMD,AMD,16.0,GDDR5
39,FirePro S9300,AMD,AMD,8.0,HBM
40,FirePro V3800,AMD,AMD,0.5,GDDR3
41,FirePro V3900,AMD,AMD,1.0,GDDR3
42,FirePro V4800,AMD,AMD,1.0,GDDR5
43,FirePro V4900,AMD,AMD,1.0,GDDR5
44,FirePro V5700,AMD,AMD,0.5,GDDR3
45,FirePro V5800,AMD,AMD,1.0,GDDR5
46,FirePro V5900,AMD,AMD,2.0,GDDR5
47,FirePro V7750,AMD,AMD,1.0,GDDR3
48,FirePro V7800,AMD,AMD,2.0,GDDR5
49,FirePro V7900,AMD,AMD,2.0,GDDR5
50,FirePro V8700,AMD,AMD,1.0,GDDR5
51,FirePro V8750,AMD,AMD,2.0,GDDR5
52,FirePro V8800,AMD,AMD,2.0,GDDR5
53,FirePro V9800,AMD,AMD,4.0,GDDR5
54,FirePro W2100,AMD,AMD,2.0,GDDR3
55,FirePro W4100,AMD,AMD,2.0,GDDR5
56,FirePro W4300,AMD,AMD,4.0,GDDR5
57,FirePro W4300,AMD,Sapphire,4.0,GDDR5
58,FirePro W5000,AMD,AMD,2.0,GDDR5
59,FirePro W5100,AMD,AMD,4.0,GDDR5
60,FirePro W5100,AMD,HP,4.0,GDDR5
61,FirePro W600,AMD,AMD,2.0,GDDR5
62,FirePro W7000,AMD,AMD,4.0,GDDR5
63,FirePro W7000,AMD,HP,4.0,GDDR5
64,FirePro W7100,AMD,AMD,8.0,GDDR5
65,FirePro W8000,AMD,AMD,4.0,GDDR5
66,FirePro W8100,AMD,AMD,8.0,GDDR5
67,FirePro W9000,AMD,AMD,6.0,GDDR5
68,FirePro W9100,AMD,AMD,16.0,GDDR5
69,FirePro W9100,AMD,AMD,32.0,GDDR5
70,GPRO 2200,AMD,Sapphire,2.0,GDDR3
71,GPRO 4200,AMD,Sapphire,4.0,GDDR5
72,GPRO 6200,AMD,Sapphire,4.0,GDDR5
73,GPRO 8200,AMD,Sapphire,8.0,GDDR5
74,GPRO E9260,AMD,Sapphire,8.0,GDDR5
75,AMD Unknown,AMD,AMD,6.0,GDDR5
76,Radeon 9550,AMD,VisionTek,0.125,GDDR
77,Radeon HD 2400,AMD,Asus,0.25,GDDR2
78,Radeon HD 2400,AMD,Gigabyte,0.25,GDDR2
79,Radeon HD 2400,AMD,Gigabyte,0.25,GDDR3
80,Radeon HD 2400,AMD,HIS,0.25,GDDR2
81,Radeon HD 2400,AMD,MSI,0.25,GDDR2
82,Radeon HD 2600,AMD,Asus,0.25,GDDR2
83,Radeon HD 2600,AMD,Asus,0.25,GDDR3
84,Radeon HD 2600,AMD,Gigabyte,0.25,GDDR3
85,Radeon HD 2600,AMD,HIS,0.25,GDDR2
86,Radeon HD 2600,AMD,HIS,0.25,GDDR3
87,Radeon HD 2600,AMD,HIS,0.5,GDDR3
88,Radeon HD 2600,AMD,PowerColor,0.25,GDDR2
89,Radeon HD 2900,AMD,Asus,0.5,GDDR3
90,Radeon HD 2900,AMD,PowerColor,0.5,GDDR3
91,Radeon HD 2900,AMD,Sapphire,0.5,GDDR3
92,Radeon HD 3450,AMD,Asus,0.25,GDDR2
93,Radeon HD 3450,AMD,Gigabyte,0.25,GDDR2
94,Radeon HD 3450,AMD,Sapphire,0.25,GDDR2
95,Radeon HD 3450,AMD,VisionTek,0.5,GDDR2
96,Radeon HD 3650,AMD,Asus,0.25,GDDR3
97,Radeon HD 3650,AMD,Club 3D,1.0,GDDR2
98,Radeon HD 3650,AMD,MSI,0.5,GDDR3
99,Radeon HD 3850,AMD,Asus,0.25,GDDR3
100,Radeon HD 3850,AMD,Gigabyte,0.5,GDDR3
101,Radeon HD 3850,AMD,Sapphire,0.25,GDDR3
102,Radeon HD 3870,AMD,Asus,0.5,GDDR4
103,Radeon HD 3870,AMD,Asus,1.0,GDDR3
104,Radeon HD 3870,AMD,Gigabyte,0.5,GDDR3
105,Radeon HD 3870,AMD,HIS,0.5,GDDR4
106,Radeon HD 3870,AMD,HIS,1.0,GDDR3
107,Radeon HD 3870,AMD,MSI,0.5,GDDR4
108,Radeon HD 3870,AMD,MSI,1.0,GDDR3
109,Radeon HD 4350,AMD,Biostar,0.5,GDDR2
110,Radeon HD 4350,AMD,Gigabyte,0.5,GDDR2
111,Radeon HD 4350,AMD,MSI,0.5,GDDR2
112,Radeon HD 4350,AMD,MSI,0.5,GDDR3
113,Radeon HD 4350,AMD,MSI,1.0,GDDR3
114,Radeon HD 4350,AMD,PowerColor,0.25,GDDR2
115,Radeon HD 4350,AMD,PowerColor,0.5,GDDR2
116,Radeon HD 4350,AMD,Sapphire,0.5,GDDR2
117,Radeon HD 4350,AMD,Sapphire,1.0,GDDR2
118,Radeon HD 4350,AMD,VisionTek,0.5,GDDR2
119,Radeon HD 4350,AMD,XFX,0.25,GDDR2
120,Radeon HD 4350,AMD,XFX,0.5,GDDR2
121,Radeon HD 4350,AMD,XFX,1.0,GDDR2
122,Radeon HD 4550,AMD,Gigabyte,0.125,GDDR3
123,Radeon HD 4550,AMD,Gigabyte,0.5,GDDR3
124,Radeon HD 4550,AMD,Sapphire,0.5,GDDR3
125,Radeon HD 4550,AMD,Sapphire,1.0,GDDR2
126,Radeon HD 4550,AMD,VisionTek,0.5,GDDR3
127,Radeon HD 4550,AMD,XFX,0.5,GDDR2
128,Radeon HD 4550,AMD,XFX,1.0,GDDR2
129,Radeon HD 4650,AMD,Asus,1.0,GDDR2
130,Radeon HD 4650,AMD,Club 3D,0.5,GDDR2
131,Radeon HD 4650,AMD,Gigabyte,1.0,GDDR2
132,Radeon HD 4650,AMD,PowerColor,0.5,GDDR2
133,Radeon HD 4650,AMD,PowerColor,1.0,GDDR3
134,Radeon HD 4650,AMD,Sapphire,0.5,GDDR2
135,Radeon HD 4650,AMD,Sapphire,1.0,GDDR2
136,Radeon HD 4650,AMD,XFX,1.0,GDDR2
137,Radeon HD 4670,AMD,Asus,0.5,GDDR3
138,Radeon HD 4670,AMD,Asus,1.0,GDDR3
139,Radeon HD 4670,AMD,HIS,1.0,GDDR3
140,Radeon HD 4670,AMD,MSI,1.0,GDDR3
141,Radeon HD 4670,AMD,Sapphire,0.5,GDDR3
142,Radeon HD 4670,AMD,Sapphire,1.0,GDDR3
143,Radeon HD 4670,AMD,VisionTek,2.0,GDDR3
144,Radeon HD 4670,AMD,XFX,1.0,GDDR2
145,Radeon HD 4670,AMD,XFX,1.0,GDDR3
146,Radeon HD 4730,AMD,Sapphire,0.5,GDDR5
147,Radeon HD 4770,AMD,Sapphire,0.5,GDDR5
148,Radeon HD 4830,AMD,PowerColor,0.5,GDDR3
149,Radeon HD 4850,AMD,Asus,0.5,GDDR3
150,Radeon HD 4850,AMD,Gigabyte,0.5,GDDR3
151,Radeon HD 4850,AMD,HIS,0.5,GDDR3
152,Radeon HD 4850,AMD,PowerColor,0.5,GDDR3
153,Radeon HD 4850,AMD,XFX,1.0,GDDR3
154,Radeon HD 4870,AMD,Asus,1.0,GDDR5
155,Radeon HD 4870,AMD,Club 3D,0.5,GDDR5
156,Radeon HD 4870,AMD,Diamond,0.5,GDDR5
157,Radeon HD 4870,AMD,Gigabyte,0.5,GDDR5
158,Radeon HD 4870,AMD,PowerColor,1.0,GDDR5
159,Radeon HD 4870,AMD,Sapphire,0.5,GDDR5
160,Radeon HD 4870,AMD,XFX,0.5,GDDR5
161,Radeon HD 4890,AMD,Asus,1.0,GDDR5
162,Radeon HD 4890,AMD,Diamond,1.0,GDDR5
163,Radeon HD 4890,AMD,PowerColor,1.0,GDDR5
164,Radeon HD 5450,AMD,Asus,0.5,GDDR2
165,Radeon HD 5450,AMD,Asus,0.5,GDDR3
166,Radeon HD 5450,AMD,Asus,1.0,GDDR3
167,Radeon HD 5450,AMD,Asus,2.0,GDDR3
168,Radeon HD 5450,AMD,Biostar,0.5,GDDR3
169,Radeon HD 5450,AMD,Biostar,1.0,GDDR3
170,Radeon HD 5450,AMD,Diamond,0.5,GDDR2
171,Radeon HD 5450,AMD,Diamond,1.0,GDDR3
172,Radeon HD 5450,AMD,Gigabyte,0.5,GDDR2
173,Radeon HD 5450,AMD,Gigabyte,0.5,GDDR3
174,Radeon HD 5450,AMD,Gigabyte,1.0,GDDR3
175,Radeon HD 5450,AMD,HIS,0.5,GDDR3
176,Radeon HD 5450,AMD,HIS,1.0,GDDR3
177,Radeon HD 5450,AMD,HIS,2.0,GDDR3
178,Radeon HD 5450,AMD,Jaton,0.5,GDDR3
179,Radeon HD 5450,AMD,MSI,0.5,GDDR3
180,Radeon HD 5450,AMD,MSI,1.0,GDDR2
181,Radeon HD 5450,AMD,MSI,1.0,GDDR3
182,Radeon HD 5450,AMD,PowerColor,0.5,GDDR2
183,Radeon HD 5450,AMD,PowerColor,0.5,GDDR3
184,Radeon HD 5450,AMD,PowerColor,1.0,GDDR3
185,Radeon HD 5450,AMD,PowerColor,2.0,GDDR3
186,Radeon HD 5450,AMD,Sapphire,0.5,GDDR2
187,Radeon HD 5450,AMD,Sapphire,0.5,GDDR3
188,Radeon HD 5450,AMD,Sapphire,1.0,GDDR2
189,Radeon HD 5450,AMD,Sapphire,1.0,GDDR3
190,Radeon HD 5450,AMD,Sapphire,1.0,GDDR5
191,Radeon HD 5450,AMD,Sapphire,2.0,GDDR3
192,Radeon HD 5450,AMD,VisionTek,0.5,GDDR3
193,Radeon HD 5450,AMD,VisionTek,1.0,GDDR3
194,Radeon HD 5450,AMD,VisionTek,2.0,GDDR3
195,Radeon HD 5450,AMD,VTX3D,0.5,GDDR2
196,Radeon HD 5450,AMD,VTX3D,1.0,GDDR3
197,Radeon HD 5450,AMD,VTX3D,2.0,GDDR3
198,Radeon HD 5450,AMD,XFX,0.5,GDDR2
199,Radeon HD 5450,AMD,XFX,0.5,GDDR3
200,Radeon HD 5450,AMD,XFX,1.0,GDDR2
201,Radeon HD 5450,AMD,XFX,1.0,GDDR3
202,Radeon HD 5450,AMD,XFX,2.0,GDDR3
203,Radeon HD 5550,AMD,Asus,1.0,GDDR3
204,Radeon HD 5550,AMD,Biostar,1.0,GDDR2
205,Radeon HD 5550,AMD,Biostar,1.0,GDDR3
206,Radeon HD 5550,AMD,Diamond,1.0,GDDR3
207,Radeon HD 5550,AMD,HIS,0.5,GDDR5
208,Radeon HD 5550,AMD,PowerColor,0.5,GDDR3
209,Radeon HD 5550,AMD,PowerColor,1.0,GDDR3
210,Radeon HD 5550,AMD,Sapphire,1.0,GDDR2
211,Radeon HD 5550,AMD,VisionTek,1.0,GDDR2
212,Radeon HD 5550,AMD,XFX,1.0,GDDR2
213,Radeon HD 5550,AMD,XFX,1.0,GDDR3
214,Radeon HD 5570,AMD,Asus,1.0,GDDR3
215,Radeon HD 5570,AMD,Biostar,1.0,GDDR3
216,Radeon HD 5570,AMD,Diamond,1.0,GDDR3
217,Radeon HD 5570,AMD,Gigabyte,1.0,GDDR3
218,Radeon HD 5570,AMD,HIS,1.0,GDDR3
219,Radeon HD 5570,AMD,HIS,2.0,GDDR3
220,Radeon HD 5570,AMD,MSI,1.0,GDDR2
221,Radeon HD 5570,AMD,PowerColor,1.0,GDDR3
222,Radeon HD 5570,AMD,PowerColor,2.0,GDDR3
223,Radeon HD 5570,AMD,Sapphire,1.0,GDDR3
224,Radeon HD 5570,AMD,Sapphire,2.0,GDDR3
225,Radeon HD 5570,AMD,XFX,1.0,GDDR2
226,Radeon HD 5570,AMD,XFX,1.0,GDDR3
227,Radeon HD 5670,AMD,Asus,0.5,GDDR5
228,Radeon HD 5670,AMD,Asus,1.0,GDDR5
229,Radeon HD 5670,AMD,Biostar,1.0,GDDR5
230,Radeon HD 5670,AMD,Diamond,1.0,GDDR5
231,Radeon HD 5670,AMD,Gigabyte,1.0,GDDR3
232,Radeon HD 5670,AMD,Gigabyte,1.0,GDDR5
233,Radeon HD 5670,AMD,HIS,1.0,GDDR3
234,Radeon HD 5670,AMD,HIS,1.0,GDDR5
235,Radeon HD 5670,AMD,MSI,0.5,GDDR5
236,Radeon HD 5670,AMD,MSI,1.0,GDDR3
237,Radeon HD 5670,AMD,MSI,1.0,GDDR5
238,Radeon HD 5670,AMD,PowerColor,0.5,GDDR5
239,Radeon HD 5670,AMD,PowerColor,1.0,GDDR3
240,Radeon HD 5670,AMD,PowerColor,1.0,GDDR5
241,Radeon HD 5670,AMD,Sapphire,0.5,GDDR5
242,Radeon HD 5670,AMD,Sapphire,1.0,GDDR3
243,Radeon HD 5670,AMD,Sapphire,1.0,GDDR5
244,Radeon HD 5670,AMD,VisionTek,1.0,GDDR5
245,Radeon HD 5670,AMD,VisionTek,2.0,GDDR3
246,Radeon HD 5670,AMD,XFX,0.5,GDDR5
247,Radeon HD 5670,AMD,XFX,1.0,GDDR3
248,Radeon HD 5670,AMD,XFX,1.0,GDDR5
249,Radeon HD 5750,AMD,Asus,1.0,GDDR5
250,Radeon HD 5750,AMD,Biostar,1.0,GDDR5
251,Radeon HD 5750,AMD,Diamond,1.0,GDDR5
252,Radeon HD 5750,AMD,Gigabyte,1.0,GDDR5
253,Radeon HD 5750,AMD,HIS,1.0,GDDR5
254,Radeon HD 5750,AMD,MSI,1.0,GDDR5
255,Radeon HD 5750,AMD,PowerColor,1.0,GDDR5
256,Radeon HD 5750,AMD,Sapphire,1.0,GDDR5
257,Radeon HD 5750,AMD,VisionTek,1.0,GDDR5
258,Radeon HD 5750,AMD,XFX,1.0,GDDR5
259,Radeon HD 5770,AMD,Asus,1.0,GDDR5
260,Radeon HD 5770,AMD,Biostar,1.0,GDDR5
261,Radeon HD 5770,AMD,Diamond,1.0,GDDR5
262,Radeon HD 5770,AMD,Gigabyte,1.0,GDDR5
263,Radeon HD 5770,AMD,HIS,1.0,GDDR5
264,Radeon HD 5770,AMD,MSI,1.0,GDDR5
265,Radeon HD 5770,AMD,PowerColor,1.0,GDDR5
266,Radeon HD 5770,AMD,Sapphire,1.0,GDDR5
267,Radeon HD 5770,AMD,VisionTek,1.0,GDDR5
268,Radeon HD 5770,AMD,XFX,1.0,GDDR5
269,Radeon HD 5830,AMD,Asus,1.0,GDDR5
270,Radeon HD 5830,AMD,Diamond,1.0,GDDR5
271,Radeon HD 5830,AMD,Gigabyte,1.0,GDDR5
272,Radeon HD 5830,AMD,Sapphire,1.0,GDDR5
273,Radeon HD 5830,AMD,XFX,1.0,GDDR5
274,Radeon HD 5850,AMD,Asus,1.0,GDDR5
275,Radeon HD 5850,AMD,Diamond,1.0,GDDR5
276,Radeon HD 5850,AMD,Gigabyte,1.0,GDDR5
277,Radeon HD 5850,AMD,MSI,1.0,GDDR5
278,Radeon HD 5850,AMD,PowerColor,1.0,GDDR5
279,Radeon HD 5850,AMD,Sapphire,1.0,GDDR5
280,Radeon HD 5850,AMD,Sapphire,2.0,GDDR5
281,Radeon HD 5850,AMD,VisionTek,1.0,GDDR5
282,Radeon HD 5850,AMD,XFX,1.0,GDDR5
283,Radeon HD 5870,AMD,Asus,1.0,GDDR5
284,Radeon HD 5870,AMD,Asus,4.0,GDDR5
285,Radeon HD 5870,AMD,Diamond,1.0,GDDR5
286,Radeon HD 5870,AMD,Diamond,2.0,GDDR5
287,Radeon HD 5870,AMD,Gigabyte,1.0,GDDR5
288,Radeon HD 5870,AMD,Gigabyte,2.0,GDDR5
289,Radeon HD 5870,AMD,HIS,2.0,GDDR5
290,Radeon HD 5870,AMD,PowerColor,1.0,GDDR5
291,Radeon HD 5870,AMD,Sapphire,1.0,GDDR5
292,Radeon HD 5870,AMD,Sapphire,2.0,GDDR5
293,Radeon HD 5870,AMD,VisionTek,2.0,GDDR5
294,Radeon HD 5870,AMD,XFX,1.0,GDDR5
295,Radeon HD 5870,AMD,XFX,2.0,GDDR5
296,Radeon HD 5970,AMD,Diamond,2.0,GDDR5
297,Radeon HD 5970,AMD,Gigabyte,2.0,GDDR5
298,Radeon HD 5970,AMD,Sapphire,2.0,GDDR5
299,Radeon HD 5970,AMD,Sapphire,4.0,GDDR5
300,Radeon HD 5970,AMD,XFX,2.0,GDDR5
301,Radeon HD 5970,AMD,XFX,4.0,GDDR5
302,Radeon HD 6450,AMD,Asus,0.5,GDDR3
303,Radeon HD 6450,AMD,Asus,1.0,GDDR3
304,Radeon HD 6450,AMD,Asus,2.0,GDDR3
305,Radeon HD 6450,AMD,Club 3D,2.0,GDDR3
306,Radeon HD 6450,AMD,Diamond,1.0,GDDR3
307,Radeon HD 6450,AMD,Gigabyte,0.5,GDDR3
308,Radeon HD 6450,AMD,Gigabyte,1.0,GDDR3
309,Radeon HD 6450,AMD,HIS,1.0,GDDR3
310,Radeon HD 6450,AMD,HIS,2.0,GDDR3
311,Radeon HD 6450,AMD,HP,1.0,GDDR3
312,Radeon HD 6450,AMD,MSI,1.0,GDDR3
313,Radeon HD 6450,AMD,MSI,2.0,GDDR3
314,Radeon HD 6450,AMD,PowerColor,1.0,GDDR3
315,Radeon HD 6450,AMD,PowerColor,2.0,GDDR3
316,Radeon HD 6450,AMD,Sapphire,0.5,GDDR3
317,Radeon HD 6450,AMD,Sapphire,0.5,GDDR5
318,Radeon HD 6450,AMD,Sapphire,1.0,GDDR3
319,Radeon HD 6450,AMD,Sapphire,2.0,GDDR3
320,Radeon HD 6450,AMD,VTX3D,1.0,GDDR3
321,Radeon HD 6450,AMD,VTX3D,2.0,GDDR3
322,Radeon HD 6450,AMD,XFX,1.0,GDDR3
323,Radeon HD 6450,AMD,XFX,2.0,GDDR3
324,Radeon HD 6570,AMD,Asus,1.0,GDDR3
325,Radeon HD 6570,AMD,Asus,2.0,GDDR3
326,Radeon HD 6570,AMD,Diamond,1.0,GDDR3
327,Radeon HD 6570,AMD,Diamond,2.0,GDDR3
328,Radeon HD 6570,AMD,Gigabyte,1.0,GDDR3
329,Radeon HD 6570,AMD,HIS,1.0,GDDR3
330,Radeon HD 6570,AMD,HIS,2.0,GDDR3
331,Radeon HD 6570,AMD,MSI,1.0,GDDR3
332,Radeon HD 6570,AMD,MSI,2.0,GDDR3
333,Radeon HD 6570,AMD,PowerColor,1.0,GDDR3
334,Radeon HD 6570,AMD,PowerColor,2.0,GDDR3
335,Radeon HD 6570,AMD,Sapphire,1.0,GDDR3
336,Radeon HD 6570,AMD,Sapphire,2.0,GDDR3
337,Radeon HD 6570,AMD,VisionTek,1.0,GDDR3
338,Radeon HD 6570,AMD,XFX,1.0,GDDR3
339,Radeon HD 6570,AMD,XFX,2.0,GDDR3
340,Radeon HD 6670,AMD,Asus,1.0,GDDR5
341,Radeon HD 6670,AMD,Asus,2.0,GDDR3
342,Radeon HD 6670,AMD,Diamond,1.0,GDDR5
343,Radeon HD 6670,AMD,Diamond,2.0,GDDR3
344,Radeon HD 6670,AMD,Gigabyte,1.0,GDDR3
345,Radeon HD 6670,AMD,Gigabyte,2.0,GDDR3
346,Radeon HD 6670,AMD,HIS,1.0,GDDR3
347,Radeon HD 6670,AMD,HIS,1.0,GDDR5
348,Radeon HD 6670,AMD,MSI,1.0,GDDR3
349,Radeon HD 6670,AMD,MSI,1.0,GDDR5
350,Radeon HD 6670,AMD,MSI,2.0,GDDR3
351,Radeon HD 6670,AMD,PowerColor,1.0,GDDR3
352,Radeon HD 6670,AMD,PowerColor,1.0,GDDR5
353,Radeon HD 6670,AMD,PowerColor,2.0,GDDR3
354,Radeon HD 6670,AMD,Sapphire,1.0,GDDR3
355,Radeon HD 6670,AMD,Sapphire,1.0,GDDR5
356,Radeon HD 6670,AMD,Sapphire,2.0,GDDR3
357,Radeon HD 6670,AMD,VisionTek,1.0,GDDR5
358,Radeon HD 6670,AMD,VTX3D,2.0,GDDR3
359,Radeon HD 6670,AMD,XFX,1.0,GDDR3
360,Radeon HD 6670,AMD,XFX,1.0,GDDR5
361,Radeon HD 6670,AMD,XFX,2.0,GDDR3
362,Radeon HD 6750,AMD,Diamond,1.0,GDDR5
363,Radeon HD 6750,AMD,Gigabyte,1.0,GDDR5
364,Radeon HD 6750,AMD,HIS,1.0,GDDR3
365,Radeon HD 6750,AMD,HIS,1.0,GDDR5
366,Radeon HD 6750,AMD,PowerColor,1.0,GDDR3
367,Radeon HD 6750,AMD,PowerColor,1.0,GDDR5
368,Radeon HD 6750,AMD,Sapphire,1.0,GDDR5
369,Radeon HD 6750,AMD,VisionTek,1.0,GDDR5
370,Radeon HD 6750,AMD,XFX,1.0,GDDR5
371,Radeon HD 6770,AMD,AMD,1.0,GDDR5
372,Radeon HD 6770,AMD,Asus,1.0,GDDR5
373,Radeon HD 6770,AMD,Diamond,1.0,GDDR5
374,Radeon HD 6770,AMD,Gigabyte,1.0,GDDR5
375,Radeon HD 6770,AMD,HIS,1.0,GDDR5
376,Radeon HD 6770,AMD,MSI,1.0,GDDR5
377,Radeon HD 6770,AMD,PowerColor,1.0,GDDR5
378,Radeon HD 6770,AMD,Sapphire,1.0,GDDR5
379,Radeon HD 6770,AMD,VisionTek,1.0,GDDR5
380,Radeon HD 6770,AMD,XFX,1.0,GDDR5
381,Radeon HD 6790,AMD,HIS,1.0,GDDR5
382,Radeon HD 6790,AMD,MSI,1.0,GDDR5
383,Radeon HD 6790,AMD,PowerColor,1.0,GDDR5
384,Radeon HD 6790,AMD,Sapphire,1.0,GDDR5
385,Radeon HD 6790,AMD,XFX,1.0,GDDR5
386,Radeon HD 6850,AMD,Asus,1.0,GDDR5
387,Radeon HD 6850,AMD,Biostar,1.0,GDDR5
388,Radeon HD 6850,AMD,Diamond,1.0,GDDR5
389,Radeon HD 6850,AMD,Gigabyte,1.0,GDDR5
390,Radeon HD 6850,AMD,HIS,1.0,GDDR5
391,Radeon HD 6850,AMD,MSI,1.0,GDDR5
392,Radeon HD 6850,AMD,PowerColor,1.0,GDDR5
393,Radeon HD 6850,AMD,Sapphire,1.0,GDDR5
394,Radeon HD 6850,AMD,Sapphire,2.0,GDDR5
395,Radeon HD 6850,AMD,VisionTek,1.0,GDDR5
396,Radeon HD 6850,AMD,XFX,1.0,GDDR5
397,Radeon HD 6870,AMD,Asus,1.0,GDDR5
398,Radeon HD 6870,AMD,Biostar,1.0,GDDR5
399,Radeon HD 6870,AMD,Diamond,1.0,GDDR5
400,Radeon HD 6870,AMD,Gigabyte,1.0,GDDR5
401,Radeon HD 6870,AMD,HIS,1.0,GDDR5
402,Radeon HD 6870,AMD,MSI,1.0,GDDR5
403,Radeon HD 6870,AMD,PowerColor,1.0,GDDR5
404,Radeon HD 6870,AMD,PowerColor,2.0,GDDR5
405,Radeon HD 6870,AMD,Sapphire,1.0,GDDR5
406,Radeon HD 6870,AMD,VisionTek,1.0,GDDR5
407,Radeon HD 6870,AMD,VisionTek,2.0,GDDR5
408,Radeon HD 6870,AMD,XFX,1.0,GDDR5
409,Radeon HD 6870,AMD,XFX,2.0,GDDR5
410,Radeon HD 6950,AMD,Asus,1.0,GDDR5
411,Radeon HD 6950,AMD,Asus,2.0,GDDR5
412,Radeon HD 6950,AMD,Diamond,1.0,GDDR5
413,Radeon HD 6950,AMD,Diamond,2.0,GDDR5
414,Radeon HD 6950,AMD,Gigabyte,1.0,GDDR5
415,Radeon HD 6950,AMD,Gigabyte,2.0,GDDR5
416,Radeon HD 6950,AMD,HIS,1.0,GDDR5
417,Radeon HD 6950,AMD,HIS,2.0,GDDR5
418,Radeon HD 6950,AMD,MSI,1.0,GDDR5
419,Radeon HD 6950,AMD,MSI,2.0,GDDR5
420,Radeon HD 6950,AMD,PowerColor,1.0,GDDR5
421,Radeon HD 6950,AMD,PowerColor,2.0,GDDR5
422,Radeon HD 6950,AMD,Sapphire,1.0,GDDR5
423,Radeon HD 6950,AMD,Sapphire,2.0,GDDR5
424,Radeon HD 6950,AMD,VisionTek,2.0,GDDR5
425,Radeon HD 6950,AMD,VTX3D,2.0,GDDR5
426,Radeon HD 6950,AMD,XFX,1.0,GDDR5
427,Radeon HD 6950,AMD,XFX,2.0,GDDR5
428,Radeon HD 6970,AMD,Asus,2.0,GDDR5
429,Radeon HD 6970,AMD,Diamond,2.0,GDDR5
430,Radeon HD 6970,AMD,Gigabyte,2.0,GDDR5
431,Radeon HD 6970,AMD,HIS,2.0,GDDR5
432,Radeon HD 6970,AMD,MSI,2.0,GDDR5
433,Radeon HD 6970,AMD,PowerColor,2.0,GDDR5
434,Radeon HD 6970,AMD,Sapphire,2.0,GDDR5
435,Radeon HD 6970,AMD,VisionTek,2.0,GDDR5
436,Radeon HD 6970,AMD,XFX,2.0,GDDR5
437,Radeon HD 6990,AMD,Gigabyte,4.0,GDDR5
438,Radeon HD 6990,AMD,HIS,4.0,GDDR5
439,Radeon HD 6990,AMD,MSI,4.0,GDDR5
440,Radeon HD 6990,AMD,PowerColor,4.0,GDDR5
441,Radeon HD 6990,AMD,Sapphire,4.0,GDDR5
442,Radeon HD 6990,AMD,VisionTek,4.0,GDDR5
443,Radeon HD 6990,AMD,XFX,4.0,GDDR5
444,Radeon HD 7730,AMD,Sapphire,2.0,GDDR3
445,Radeon HD 7750,AMD,Asus,1.0,GDDR5
446,Radeon HD 7750,AMD,Club 3D,1.0,GDDR5
447,Radeon HD 7750,AMD,Club 3D,2.0,GDDR5
448,Radeon HD 7750,AMD,Diamond,1.0,GDDR5
449,Radeon HD 7750,AMD,Gigabyte,1.0,GDDR5
450,Radeon HD 7750,AMD,Gigabyte,2.0,GDDR3
451,Radeon HD 7750,AMD,HIS,1.0,GDDR5
452,Radeon HD 7750,AMD,HIS,2.0,GDDR3
453,Radeon HD 7750,AMD,MSI,1.0,GDDR5
454,Radeon HD 7750,AMD,MSI,2.0,GDDR3
455,Radeon HD 7750,AMD,PowerColor,1.0,GDDR3
456,Radeon HD 7750,AMD,PowerColor,1.0,GDDR5
457,Radeon HD 7750,AMD,PowerColor,2.0,GDDR3
458,Radeon HD 7750,AMD,PowerColor,2.0,GDDR5
459,Radeon HD 7750,AMD,PowerColor,4.0,GDDR3
460,Radeon HD 7750,AMD,Sapphire,1.0,GDDR5
461,Radeon HD 7750,AMD,Sapphire,2.0,GDDR3
462,Radeon HD 7750,AMD,VisionTek,1.0,GDDR5
463,Radeon HD 7750,AMD,VisionTek,2.0,GDDR5
464,Radeon HD 7750,AMD,XFX,1.0,GDDR5
465,Radeon HD 7750,AMD,XFX,2.0,GDDR3
466,Radeon HD 7770,AMD,Asus,1.0,GDDR5
467,Radeon HD 7770,AMD,Asus,2.0,GDDR5
468,Radeon HD 7770,AMD,Diamond,1.0,GDDR5
469,Radeon HD 7770,AMD,Gigabyte,1.0,GDDR5
470,Radeon HD 7770,AMD,HIS,1.0,GDDR5
471,Radeon HD 7770,AMD,MSI,1.0,GDDR5
472,Radeon HD 7770,AMD,PowerColor,1.0,GDDR5
473,Radeon HD 7770,AMD,Sapphire,1.0,GDDR5
474,Radeon HD 7770,AMD,VisionTek,1.0,GDDR5
475,Radeon HD 7770,AMD,XFX,1.0,GDDR5
476,Radeon HD 7790,AMD,Asus,1.0,GDDR5
477,Radeon HD 7790,AMD,Gigabyte,1.0,GDDR5
478,Radeon HD 7790,AMD,Gigabyte,2.0,GDDR5
479,Radeon HD 7790,AMD,HIS,1.0,GDDR5
480,Radeon HD 7790,AMD,MSI,1.0,GDDR5
481,Radeon HD 7790,AMD,MSI,2.0,GDDR5
482,Radeon HD 7790,AMD,PowerColor,1.0,GDDR5
483,Radeon HD 7790,AMD,Sapphire,1.0,GDDR5
484,Radeon HD 7790,AMD,XFX,1.0,GDDR5
485,Radeon HD 7790,AMD,XFX,2.0,GDDR5
486,Radeon HD 7850,AMD,Asus,1.0,GDDR5
487,Radeon HD 7850,AMD,Asus,2.0,GDDR5
488,Radeon HD 7850,AMD,Diamond,2.0,GDDR5
489,Radeon HD 7850,AMD,Gigabyte,1.0,GDDR5
490,Radeon HD 7850,AMD,Gigabyte,2.0,GDDR5
491,Radeon HD 7850,AMD,HIS,1.0,GDDR5
492,Radeon HD 7850,AMD,HIS,2.0,GDDR5
493,Radeon HD 7850,AMD,HIS,4.0,GDDR5
494,Radeon HD 7850,AMD,HP,2.0,GDDR5
495,Radeon HD 7850,AMD,MSI,1.0,GDDR5
496,Radeon HD 7850,AMD,MSI,2.0,GDDR5
497,Radeon HD 7850,AMD,PowerColor,1.0,GDDR5
498,Radeon HD 7850,AMD,PowerColor,2.0,GDDR5
499,Radeon HD 7850,AMD,Sapphire,1.0,GDDR5
500,Radeon HD 7850,AMD,Sapphire,2.0,GDDR5
501,Radeon HD 7850,AMD,VisionTek,2.0,GDDR5
502,Radeon HD 7850,AMD,XFX,1.0,GDDR5
503,Radeon HD 7850,AMD,XFX,2.0,GDDR5
504,Radeon HD 7870,AMD,Asus,2.0,GDDR5
505,Radeon HD 7870,AMD,Club 3D,2.0,GDDR5
506,Radeon HD 7870,AMD,Diamond,2.0,GDDR5
507,Radeon HD 7870,AMD,Gigabyte,2.0,GDDR5
508,Radeon HD 7870,AMD,HIS,2.0,GDDR5
509,Radeon HD 7870,AMD,HP,2.0,GDDR5
510,Radeon HD 7870,AMD,MSI,2.0,GDDR5
511,Radeon HD 7870,AMD,PowerColor,2.0,GDDR5
512,Radeon HD 7870,AMD,Sapphire,2.0,GDDR5
513,Radeon HD 7870,AMD,VisionTek,2.0,GDDR5
514,Radeon HD 7870,AMD,XFX,2.0,GDDR5
515,Radeon HD 7950,AMD,Asus,3.0,GDDR5
516,Radeon HD 7950,AMD,Gigabyte,3.0,GDDR5
517,Radeon HD 7950,AMD,HIS,3.0,GDDR5
518,Radeon HD 7950,AMD,HP,3.0,GDDR5
519,Radeon HD 7950,AMD,MSI,3.0,GDDR5
520,Radeon HD 7950,AMD,PowerColor,3.0,GDDR5
521,Radeon HD 7950,AMD,Sapphire,3.0,GDDR5
522,Radeon HD 7950,AMD,VisionTek,3.0,GDDR5
523,Radeon HD 7950,AMD,XFX,3.0,GDDR5
524,Radeon HD 7970,AMD,Asus,3.0,GDDR5
525,Radeon HD 7970,AMD,Club 3D,3.0,GDDR5
526,Radeon HD 7970,AMD,Diamond,3.0,GDDR5
527,Radeon HD 7970,AMD,Gigabyte,3.0,GDDR5
528,Radeon HD 7970,AMD,HIS,3.0,GDDR5
529,Radeon HD 7970,AMD,HP,3.0,GDDR5
530,Radeon HD 7970,AMD,MSI,3.0,GDDR5
531,Radeon HD 7970,AMD,PowerColor,3.0,GDDR5
532,Radeon HD 7970,AMD,Sapphire,3.0,GDDR5
533,Radeon HD 7970,AMD,Sapphire,6.0,GDDR5
534,Radeon HD 7970,AMD,VisionTek,3.0,GDDR5
535,Radeon HD 7970,AMD,XFX,3.0,GDDR5
536,Radeon HD 7990,AMD,Asus,6.0,GDDR5
537,Radeon HD 7990,AMD,HIS,6.0,GDDR5
538,Radeon HD 7990,AMD,PowerColor,6.0,GDDR5
539,Radeon HD 7990,AMD,Sapphire,6.0,GDDR5
540,Radeon HD 7990,AMD,XFX,6.0,GDDR5
541,Radeon Pro Duo,AMD,AMD,32.0,GDDR5
542,Radeon Pro Duo,AMD,Sapphire,8.0,HBM
543,Radeon Pro Duo,AMD,XFX,8.0,HBM
544,Radeon Pro SSG,AMD,AMD,16.0,HBM2
545,Radeon Pro WX 2100,AMD,AMD,2.0,GDDR5
546,Radeon Pro WX 3100,AMD,AMD,4.0,GDDR5
547,Radeon Pro WX 4100,AMD,AMD,4.0,GDDR5
548,Radeon Pro WX 5100,AMD,AMD,8.0,GDDR5
549,Radeon Pro WX 7100,AMD,AMD,8.0,GDDR5
550,Radeon Pro WX 9100,AMD,AMD,16.0,HBM2
551,Radeon R5 230,AMD,Asus,1.0,GDDR3
552,Radeon R5 230,AMD,Asus,2.0,GDDR3
553,Radeon R5 230,AMD,Club 3D,1.0,GDDR3
554,Radeon R5 230,AMD,Diamond,1.0,GDDR3
555,Radeon R5 230,AMD,Gigabyte,1.0,GDDR3
556,Radeon R5 230,AMD,MSI,1.0,GDDR3
557,Radeon R5 230,AMD,MSI,2.0,GDDR3
558,Radeon R5 230,AMD,PowerColor,1.0,GDDR3
559,Radeon R5 230,AMD,PowerColor,2.0,GDDR3
560,Radeon R5 230,AMD,Sapphire,1.0,GDDR3
561,Radeon R5 230,AMD,Sapphire,2.0,GDDR3
562,Radeon R5 230,AMD,XFX,1.0,GDDR3
563,Radeon R5 230,AMD,XFX,2.0,GDDR3
564,Radeon R7 240,AMD,Asus,1.0,GDDR3
565,Radeon R7 240,AMD,Asus,2.0,GDDR3
566,Radeon R7 240,AMD,Asus,2.0,GDDR5
567,Radeon R7 240,AMD,Asus,4.0,GDDR3
568,Radeon R7 240,AMD,Asus,4.0,GDDR5
569,Radeon R7 240,AMD,Diamond,1.0,GDDR5
570,Radeon R7 240,AMD,Diamond,2.0,GDDR3
571,Radeon R7 240,AMD,Gigabyte,2.0,GDDR3
572,Radeon R7 240,AMD,HIS,1.0,GDDR5
573,Radeon R7 240,AMD,HIS,2.0,GDDR3
574,Radeon R7 240,AMD,HIS,4.0,GDDR3
575,Radeon R7 240,AMD,MSI,2.0,GDDR3
576,Radeon R7 240,AMD,MSI,4.0,GDDR3
577,Radeon R7 240,AMD,PowerColor,1.0,GDDR3
578,Radeon R7 240,AMD,PowerColor,2.0,GDDR3
579,Radeon R7 240,AMD,PowerColor,4.0,GDDR3
580,Radeon R7 240,AMD,Sapphire,1.0,GDDR3
581,Radeon R7 240,AMD,Sapphire,1.0,GDDR5
582,Radeon R7 240,AMD,Sapphire,2.0,GDDR3
583,Radeon R7 240,AMD,Sapphire,4.0,GDDR3
584,Radeon R7 240,AMD,VisionTek,2.0,GDDR3
585,Radeon R7 240,AMD,VTX3D,2.0,GDDR3
586,Radeon R7 240,AMD,VTX3D,4.0,GDDR3
587,Radeon R7 240,AMD,XFX,1.0,GDDR3
588,Radeon R7 240,AMD,XFX,2.0,GDDR3
589,Radeon R7 240,AMD,XFX,4.0,GDDR3
590,Radeon R7 250,AMD,Asus,1.0,GDDR5
591,Radeon R7 250,AMD,Asus,2.0,GDDR3
592,Radeon R7 250,AMD,Asus,2.0,GDDR5
593,Radeon R7 250,AMD,Club 3D,1.0,GDDR5
594,Radeon R7 250,AMD,Club 3D,2.0,GDDR3
595,Radeon R7 250,AMD,Diamond,1.0,GDDR5
596,Radeon R7 250,AMD,Gigabyte,1.0,GDDR5
597,Radeon R7 250,AMD,Gigabyte,2.0,GDDR3
598,Radeon R7 250,AMD,Gigabyte,2.0,GDDR5
599,Radeon R7 250,AMD,HIS,1.0,GDDR5
600,Radeon R7 250,AMD,HIS,2.0,GDDR3
601,Radeon R7 250,AMD,MSI,1.0,GDDR5
602,Radeon R7 250,AMD,MSI,2.0,GDDR3
603,Radeon R7 250,AMD,PowerColor,1.0,GDDR5
604,Radeon R7 250,AMD,PowerColor,2.0,GDDR3
605,Radeon R7 250,AMD,PowerColor,2.0,GDDR5
606,Radeon R7 250,AMD,Sapphire,1.0,GDDR5
607,Radeon R7 250,AMD,Sapphire,2.0,GDDR3
608,Radeon R7 250,AMD,Sapphire,2.0,GDDR5
609,Radeon R7 250,AMD,Sapphire,4.0,GDDR3
610,Radeon R7 250,AMD,VisionTek,1.0,GDDR5
611,Radeon R7 250,AMD,VTX3D,2.0,GDDR3
612,Radeon R7 250,AMD,XFX,1.0,GDDR5
613,Radeon R7 250,AMD,XFX,2.0,GDDR3
614,Radeon R7 250,AMD,XFX,4.0,GDDR3
615,Radeon R7 250E,AMD,Sapphire,1.0,GDDR5
616,Radeon R7 250E,AMD,Sapphire,2.0,GDDR5
617,Radeon R7 250E,AMD,Sapphire,4.0,GDDR3
618,Radeon R7 250X,AMD,Asus,1.0,GDDR5
619,Radeon R7 250X,AMD,Asus,2.0,GDDR5
620,Radeon R7 250X,AMD,Gigabyte,1.0,GDDR5
621,Radeon R7 250X,AMD,Gigabyte,2.0,GDDR5
622,Radeon R7 250X,AMD,HIS,1.0,GDDR5
623,Radeon R7 250X,AMD,MSI,1.0,GDDR5
624,Radeon R7 250X,AMD,MSI,2.0,GDDR5
625,Radeon R7 250X,AMD,PowerColor,1.0,GDDR5
626,Radeon R7 250X,AMD,PowerColor,2.0,GDDR5
627,Radeon R7 250X,AMD,Sapphire,1.0,GDDR5
628,Radeon R7 250X,AMD,XFX,1.0,GDDR5
629,Radeon R7 250X,AMD,XFX,2.0,GDDR3
630,Radeon R7 250X,AMD,XFX,2.0,GDDR5
631,Radeon R7 260,AMD,Asus,1.0,GDDR5
632,Radeon R7 260,AMD,MSI,1.0,GDDR5
633,Radeon R7 260X,AMD,Asus,1.0,GDDR5
634,Radeon R7 260X,AMD,Asus,2.0,GDDR5
635,Radeon R7 260X,AMD,Club 3D,2.0,GDDR5
636,Radeon R7 260X,AMD,Gigabyte,1.0,GDDR5
637,Radeon R7 260X,AMD,Gigabyte,2.0,GDDR5
638,Radeon R7 260X,AMD,HIS,1.0,GDDR5
639,Radeon R7 260X,AMD,HIS,2.0,GDDR5
640,Radeon R7 260X,AMD,MSI,2.0,GDDR5
641,Radeon R7 260X,AMD,PowerColor,1.0,GDDR5
642,Radeon R7 260X,AMD,PowerColor,2.0,GDDR5
643,Radeon R7 260X,AMD,Sapphire,1.0,GDDR5
644,Radeon R7 260X,AMD,Sapphire,2.0,GDDR5
645,Radeon R7 260X,AMD,VisionTek,2.0,GDDR5
646,Radeon R7 260X,AMD,XFX,1.0,GDDR5
647,Radeon R7 260X,AMD,XFX,2.0,GDDR5
648,Radeon R7 265,AMD,Asus,2.0,GDDR5
649,Radeon R7 265,AMD,Club 3D,2.0,GDDR5
650,Radeon R7 265,AMD,Gigabyte,2.0,GDDR5
651,Radeon R7 265,AMD,MSI,2.0,GDDR5
652,Radeon R7 265,AMD,PowerColor,2.0,GDDR5
653,Radeon R7 265,AMD,Sapphire,2.0,GDDR5
654,Radeon R7 265,AMD,XFX,1.0,GDDR5
655,Radeon R7 265,AMD,XFX,2.0,GDDR5
656,Radeon R7 350,AMD,Gigabyte,2.0,GDDR3
657,Radeon R7 350,AMD,Sapphire,2.0,GDDR5
658,Radeon R7 360,AMD,Asus,2.0,GDDR5
659,Radeon R7 360,AMD,Gigabyte,2.0,GDDR5
660,Radeon R7 360,AMD,HIS,2.0,GDDR5
661,Radeon R7 360,AMD,MSI,2.0,GDDR5
662,Radeon R7 360,AMD,PowerColor,2.0,GDDR5
663,Radeon R7 360,AMD,Sapphire,2.0,GDDR5
664,Radeon R7 360,AMD,VTX3D,2.0,GDDR5
665,Radeon R7 360,AMD,XFX,2.0,GDDR5
666,Radeon R7 370,AMD,Asus,2.0,GDDR5
667,Radeon R7 370,AMD,Asus,4.0,GDDR5
668,Radeon R7 370,AMD,Club 3D,2.0,GDDR5
669,Radeon R7 370,AMD,Gigabyte,2.0,GDDR5
670,Radeon R7 370,AMD,Gigabyte,4.0,GDDR5
671,Radeon R7 370,AMD,MSI,2.0,GDDR5
672,Radeon R7 370,AMD,MSI,4.0,GDDR5
673,Radeon R7 370,AMD,PowerColor,2.0,GDDR5
674,Radeon R7 370,AMD,PowerColor,4.0,GDDR5
675,Radeon R7 370,AMD,Sapphire,2.0,GDDR5
676,Radeon R7 370,AMD,Sapphire,4.0,GDDR5
677,Radeon R7 370,AMD,VisionTek,2.0,GDDR5
678,Radeon R7 370,AMD,VTX3D,2.0,GDDR5
679,Radeon R7 370,AMD,XFX,2.0,GDDR5
680,Radeon R7 370,AMD,XFX,4.0,GDDR5
681,Radeon R9 270,AMD,Asus,2.0,GDDR5
682,Radeon R9 270,AMD,Club 3D,2.0,GDDR5
683,Radeon R9 270,AMD,Gigabyte,2.0,GDDR5
684,Radeon R9 270,AMD,HIS,2.0,GDDR5
685,Radeon R9 270,AMD,MSI,2.0,GDDR5
686,Radeon R9 270,AMD,PowerColor,2.0,GDDR5
687,Radeon R9 270,AMD,Sapphire,2.0,GDDR5
688,Radeon R9 270,AMD,XFX,2.0,GDDR5
689,Radeon R9 270X,AMD,Asus,2.0,GDDR5
690,Radeon R9 270X,AMD,Asus,4.0,GDDR5
691,Radeon R9 270X,AMD,Club 3D,2.0,GDDR5
692,Radeon R9 270X,AMD,Diamond,2.0,GDDR5
693,Radeon R9 270X,AMD,Gigabyte,2.0,GDDR5
694,Radeon R9 270X,AMD,Gigabyte,4.0,GDDR5
695,Radeon R9 270X,AMD,HIS,2.0,GDDR5
696,Radeon R9 270X,AMD,HIS,4.0,GDDR5
697,Radeon R9 270X,AMD,MSI,2.0,GDDR5
698,Radeon R9 270X,AMD,MSI,4.0,GDDR5
699,Radeon R9 270X,AMD,PowerColor,2.0,GDDR5
700,Radeon R9 270X,AMD,Sapphire,2.0,GDDR5
701,Radeon R9 270X,AMD,Sapphire,4.0,GDDR5
702,Radeon R9 270X,AMD,VisionTek,2.0,GDDR5
703,Radeon R9 270X,AMD,XFX,2.0,GDDR5
704,Radeon R9 270X,AMD,XFX,4.0,GDDR5
705,Radeon R9 280,AMD,Asus,3.0,GDDR5
706,Radeon R9 280,AMD,Club 3D,3.0,GDDR5
707,Radeon R9 280,AMD,Gigabyte,3.0,GDDR5
708,Radeon R9 280,AMD,HIS,3.0,GDDR5
709,Radeon R9 280,AMD,MSI,3.0,GDDR5
710,Radeon R9 280,AMD,PowerColor,3.0,GDDR5
711,Radeon R9 280,AMD,Sapphire,3.0,GDDR5
712,Radeon R9 280,AMD,VisionTek,3.0,GDDR5
713,Radeon R9 280,AMD,XFX,3.0,GDDR5
714,Radeon R9 280X,AMD,Asus,3.0,GDDR5
715,Radeon R9 280X,AMD,Club 3D,3.0,GDDR5
716,Radeon R9 280X,AMD,Diamond,3.0,GDDR5
717,Radeon R9 280X,AMD,Gigabyte,3.0,GDDR5
718,Radeon R9 280X,AMD,HIS,3.0,GDDR5
719,Radeon R9 280X,AMD,MSI,3.0,GDDR5
720,Radeon R9 280X,AMD,MSI,6.0,GDDR5
721,Radeon R9 280X,AMD,PowerColor,3.0,GDDR5
722,Radeon R9 280X,AMD,Sapphire,3.0,GDDR5
723,Radeon R9 280X,AMD,VisionTek,3.0,GDDR5
724,Radeon R9 280X,AMD,XFX,3.0,GDDR5
725,Radeon R9 285,AMD,Asus,2.0,GDDR5
726,Radeon R9 285,AMD,Gigabyte,2.0,GDDR5
727,Radeon R9 285,AMD,HIS,2.0,GDDR5
728,Radeon R9 285,AMD,MSI,2.0,GDDR5
729,Radeon R9 285,AMD,PowerColor,2.0,GDDR5
730,Radeon R9 285,AMD,Sapphire,2.0,GDDR5
731,Radeon R9 285,AMD,VisionTek,2.0,GDDR5
732,Radeon R9 285,AMD,XFX,2.0,GDDR5
733,Radeon R9 290,AMD,Asus,4.0,GDDR5
734,Radeon R9 290,AMD,Club 3D,4.0,GDDR5
735,Radeon R9 290,AMD,Diamond,4.0,GDDR5
736,Radeon R9 290,AMD,Gigabyte,4.0,GDDR5
737,Radeon R9 290,AMD,HIS,4.0,GDDR5
738,Radeon R9 290,AMD,MSI,4.0,GDDR5
739,Radeon R9 290,AMD,PowerColor,4.0,GDDR5
740,Radeon R9 290,AMD,Sapphire,4.0,GDDR5
741,Radeon R9 290,AMD,VisionTek,4.0,GDDR5
742,Radeon R9 290,AMD,VTX3D,4.0,GDDR5
743,Radeon R9 290,AMD,XFX,4.0,GDDR5
744,Radeon R9 290X,AMD,AMD,4.0,GDDR5
745,Radeon R9 290X,AMD,Asus,4.0,GDDR5
746,Radeon R9 290X,AMD,Club 3D,4.0,GDDR5
747,Radeon R9 290X,AMD,Diamond,4.0,GDDR5
748,Radeon R9 290X,AMD,Gigabyte,4.0,GDDR5
749,Radeon R9 290X,AMD,HIS,4.0,GDDR5
750,Radeon R9 290X,AMD,MSI,4.0,GDDR5
751,Radeon R9 290X,AMD,MSI,8.0,GDDR5
752,Radeon R9 290X,AMD,PowerColor,4.0,GDDR5
753,Radeon R9 290X,AMD,PowerColor,8.0,GDDR5
754,Radeon R9 290X,AMD,Sapphire,4.0,GDDR5
755,Radeon R9 290X,AMD,Sapphire,8.0,GDDR5
756,Radeon R9 290X,AMD,VisionTek,4.0,GDDR5
757,Radeon R9 290X,AMD,XFX,4.0,GDDR5
758,Radeon R9 290X,AMD,XFX,8.0,GDDR5
759,Radeon R9 295,AMD,Asus,8.0,GDDR5
760,Radeon R9 295,AMD,Diamond,8.0,GDDR5
761,Radeon R9 295,AMD,Gigabyte,8.0,GDDR5
762,Radeon R9 295,AMD,HIS,8.0,GDDR5
763,Radeon R9 295,AMD,MSI,8.0,GDDR5
764,Radeon R9 295,AMD,PowerColor,8.0,GDDR5
765,Radeon R9 295,AMD,Sapphire,8.0,GDDR5
766,Radeon R9 295,AMD,VisionTek,8.0,GDDR5
767,Radeon R9 295,AMD,XFX,8.0,GDDR5
768,Radeon R9 380,AMD,Asus,2.0,GDDR5
769,Radeon R9 380,AMD,Asus,4.0,GDDR5
770,Radeon R9 380,AMD,Club 3D,4.0,GDDR5
771,Radeon R9 380,AMD,Gigabyte,2.0,GDDR5
772,Radeon R9 380,AMD,Gigabyte,4.0,GDDR5
773,Radeon R9 380,AMD,HIS,2.0,GDDR5
774,Radeon R9 380,AMD,HIS,4.0,GDDR5
775,Radeon R9 380,AMD,MSI,2.0,GDDR5
776,Radeon R9 380,AMD,MSI,4.0,GDDR5
777,Radeon R9 380,AMD,PowerColor,2.0,GDDR5
778,Radeon R9 380,AMD,PowerColor,4.0,GDDR5
779,Radeon R9 380,AMD,Sapphire,2.0,GDDR5
780,Radeon R9 380,AMD,Sapphire,4.0,GDDR5
781,Radeon R9 380,AMD,VisionTek,2.0,GDDR5
782,Radeon R9 380,AMD,VTX3D,2.0,GDDR5
783,Radeon R9 380,AMD,VTX3D,4.0,GDDR5
784,Radeon R9 380,AMD,XFX,2.0,GDDR5
785,Radeon R9 380,AMD,XFX,4.0,GDDR5
786,Radeon R9 380X,AMD,Asus,4.0,GDDR5
787,Radeon R9 380X,AMD,Gigabyte,4.0,GDDR5
788,Radeon R9 380X,AMD,PowerColor,4.0,GDDR5
789,Radeon R9 380X,AMD,Sapphire,4.0,GDDR5
790,Radeon R9 380X,AMD,VisionTek,4.0,GDDR5
791,Radeon R9 380X,AMD,XFX,4.0,GDDR5
792,Radeon R9 390,AMD,Asus,8.0,GDDR5
793,Radeon R9 390,AMD,Club 3D,8.0,GDDR5
794,Radeon R9 390,AMD,Gigabyte,8.0,GDDR5
795,Radeon R9 390,AMD,HIS,8.0,GDDR5
796,Radeon R9 390,AMD,MSI,8.0,GDDR5
797,Radeon R9 390,AMD,PowerColor,8.0,GDDR5
798,Radeon R9 390,AMD,PowerColor,16.0,GDDR5
799,Radeon R9 390,AMD,Sapphire,8.0,GDDR5
800,Radeon R9 390,AMD,VisionTek,8.0,GDDR5
801,Radeon R9 390,AMD,VTX3D,8.0,GDDR5
802,Radeon R9 390,AMD,XFX,8.0,GDDR5
803,Radeon R9 390X,AMD,Asus,8.0,GDDR5
804,Radeon R9 390X,AMD,Club 3D,8.0,GDDR5
805,Radeon R9 390X,AMD,Gigabyte,8.0,GDDR5
806,Radeon R9 390X,AMD,MSI,8.0,GDDR5
807,Radeon R9 390X,AMD,PowerColor,8.0,GDDR5
808,Radeon R9 390X,AMD,Sapphire,8.0,GDDR5
809,Radeon R9 390X,AMD,VisionTek,8.0,GDDR5
810,Radeon R9 390X,AMD,XFX,8.0,GDDR5
811,Radeon R9 Fury,AMD,Asus,4.0,HBM
812,Radeon R9 Fury,AMD,Gigabyte,4.0,HBM
813,Radeon R9 Fury,AMD,PowerColor,4.0,HBM
814,Radeon R9 Fury,AMD,Sapphire,4.0,HBM
815,Radeon R9 Fury,AMD,XFX,4.0,HBM
816,Radeon R9 Fury X,AMD,Asus,4.0,HBM
817,Radeon R9 Fury X,AMD,Club 3D,4.0,HBM
818,Radeon R9 Fury X,AMD,Gigabyte,4.0,HBM
819,Radeon R9 Fury X,AMD,MSI,4.0,HBM
820,Radeon R9 Fury X,AMD,PowerColor,4.0,HBM
821,Radeon R9 Fury X,AMD,Sapphire,4.0,HBM
822,Radeon R9 Fury X,AMD,VTX3D,4.0,HBM
823,Radeon R9 Fury X,AMD,XFX,4.0,HBM
824,Radeon R9 Nano,AMD,Asus,4.0,HBM
825,Radeon R9 Nano,AMD,Gigabyte,4.0,HBM
826,Radeon R9 Nano,AMD,MSI,4.0,HBM
827,Radeon R9 Nano,AMD,PowerColor,4.0,HBM
828,Radeon R9 Nano,AMD,Sapphire,4.0,HBM
829,Radeon R9 Nano,AMD,VisionTek,4.0,HBM
830,Radeon R9 Nano,AMD,VTX3D,4.0,HBM
831,Radeon R9 Nano,AMD,XFX,4.0,HBM
832,Radeon RX 460,AMD,Asus,2.0,GDDR5
833,Radeon RX 460,AMD,Asus,4.0,GDDR5
834,Radeon RX 460,AMD,Gigabyte,2.0,GDDR5
835,Radeon RX 460,AMD,Gigabyte,4.0,GDDR5
836,Radeon RX 460,AMD,HIS,2.0,GDDR5
837,Radeon RX 460,AMD,MSI,2.0,GDDR5
838,Radeon RX 460,AMD,MSI,4.0,GDDR5
839,Radeon RX 460,AMD,PowerColor,2.0,GDDR5
840,Radeon RX 460,AMD,PowerColor,4.0,GDDR5
841,Radeon RX 460,AMD,Sapphire,2.0,GDDR5
842,Radeon RX 460,AMD,Sapphire,4.0,GDDR5
843,Radeon RX 460,AMD,XFX,2.0,GDDR5
844,Radeon RX 460,AMD,XFX,4.0,GDDR5
845,Radeon RX 470,AMD,Asus,4.0,GDDR5
846,Radeon RX 470,AMD,Asus,8.0,GDDR5
847,Radeon RX 470,AMD,Gigabyte,4.0,GDDR5
848,Radeon RX 470,AMD,HIS,4.0,GDDR5
849,Radeon RX 470,AMD,MSI,4.0,GDDR5
850,Radeon RX 470,AMD,MSI,8.0,GDDR5
851,Radeon RX 470,AMD,PowerColor,4.0,GDDR5
852,Radeon RX 470,AMD,Sapphire,4.0,GDDR5
853,Radeon RX 470,AMD,Sapphire,8.0,GDDR5
854,Radeon RX 470,AMD,VisionTek,4.0,GDDR5
855,Radeon RX 470,AMD,XFX,4.0,GDDR5
856,Radeon RX 480,AMD,AMD,4.0,GDDR5
857,Radeon RX 480,AMD,AMD,8.0,GDDR5
858,Radeon RX 480,AMD,AMD,32.0,GDDR5
859,Radeon RX 480,AMD,Aorus,4.0,GDDR5
860,Radeon RX 480,AMD,Aorus,8.0,GDDR5
861,Radeon RX 480,AMD,Asus,2.0,GDDR5
862,Radeon RX 480,AMD,Asus,4.0,GDDR5
863,Radeon RX 480,AMD,Asus,8.0,GDDR5
864,Radeon RX 480,AMD,Diamond,8.0,GDDR5
865,Radeon RX 480,AMD,Gigabyte,2.0,GDDR5
866,Radeon RX 480,AMD,Gigabyte,4.0,GDDR5
867,Radeon RX 480,AMD,Gigabyte,8.0,GDDR5
868,Radeon RX 480,AMD,HIS,8.0,GDDR5
869,Radeon RX 480,AMD,MSI,2.0,GDDR5
870,Radeon RX 480,AMD,MSI,4.0,GDDR5
871,Radeon RX 480,AMD,MSI,8.0,GDDR5
872,Radeon RX 480,AMD,PowerColor,2.0,GDDR5
873,Radeon RX 480,AMD,PowerColor,4.0,GDDR5
874,Radeon RX 480,AMD,PowerColor,8.0,GDDR5
875,Radeon RX 480,AMD,Sapphire,2.0,GDDR5
876,Radeon RX 480,AMD,Sapphire,4.0,GDDR5
877,Radeon RX 480,AMD,Sapphire,8.0,GDDR5
878,Radeon RX 480,AMD,VisionTek,8.0,GDDR5
879,Radeon RX 480,AMD,XFX,2.0,GDDR5
880,Radeon RX 480,AMD,XFX,4.0,GDDR5
881,Radeon RX 480,AMD,XFX,8.0,GDDR5
882,Radeon RX 550,AMD,Asus,2.0,GDDR5
883,Radeon RX 550,AMD,Asus,4.0,GDDR5
884,Radeon RX 550,AMD,Gigabyte,2.0,GDDR5
885,Radeon RX 550,AMD,HIS,2.0,GDDR5
886,Radeon RX 550,AMD,HIS,4.0,GDDR5
887,Radeon RX 550,AMD,MSI,2.0,GDDR5
888,Radeon RX 550,AMD,PowerColor,2.0,GDDR5
889,Radeon RX 550,AMD,Sapphire,2.0,GDDR5
890,Radeon RX 550,AMD,Sapphire,4.0,GDDR5
891,Radeon RX 550,AMD,XFX,2.0,GDDR5
892,Radeon RX 550,AMD,XFX,4.0,GDDR5
893,Radeon RX 560,AMD,Asus,2.0,GDDR5
894,Radeon RX 560,AMD,Asus,4.0,GDDR5
895,Radeon RX 560,AMD,Gigabyte,2.0,GDDR5
896,Radeon RX 560,AMD,Gigabyte,4.0,GDDR5
897,Radeon RX 560,AMD,MSI,2.0,GDDR5
898,Radeon RX 560,AMD,MSI,4.0,GDDR5
899,Radeon RX 560,AMD,PowerColor,2.0,GDDR5
900,Radeon RX 560,AMD,PowerColor,4.0,GDDR5
901,Radeon RX 560,AMD,Sapphire,2.0,GDDR5
902,Radeon RX 560,AMD,Sapphire,4.0,GDDR5
903,Radeon RX 560,AMD,XFX,2.0,GDDR5
904,Radeon RX 560,AMD,XFX,4.0,GDDR5
905,Radeon RX 570,AMD,Aorus,4.0,GDDR5
906,Radeon RX 570,AMD,Asus,4.0,GDDR5
907,Radeon RX 570,AMD,Gigabyte,4.0,GDDR5
908,Radeon RX 570,AMD,Gigabyte,8.0,GDDR5
909,Radeon RX 570,AMD,MSI,4.0,GDDR5
910,Radeon RX 570,AMD,MSI,8.0,GDDR5
911,Radeon RX 570,AMD,PowerColor,4.0,GDDR5
912,Radeon RX 570,AMD,PowerColor,8.0,GDDR5
913,Radeon RX 570,AMD,Sapphire,4.0,GDDR5
914,Radeon RX 570,AMD,Sapphire,8.0,GDDR5
915,Radeon RX 570,AMD,XFX,4.0,GDDR5
916,Radeon RX 570,AMD,XFX,8.0,GDDR5
917,Radeon RX 580,AMD,Aorus,4.0,GDDR5
918,Radeon RX 580,AMD,Aorus,8.0,GDDR5
919,Radeon RX 580,AMD,Asus,4.0,GDDR5
920,Radeon RX 580,AMD,Asus,8.0,GDDR5
921,Radeon RX 580,AMD,Gigabyte,4.0,GDDR5
922,Radeon RX 580,AMD,Gigabyte,8.0,GDDR5
923,Radeon RX 580,AMD,MSI,4.0,GDDR5
924,Radeon RX 580,AMD,MSI,8.0,GDDR5
925,Radeon RX 580,AMD,PowerColor,4.0,GDDR5
926,Radeon RX 580,AMD,PowerColor,8.0,GDDR5
927,Radeon RX 580,AMD,Sapphire,4.0,GDDR5
928,Radeon RX 580,AMD,Sapphire,8.0,GDDR5
929,Radeon RX 580,AMD,XFX,4.0,GDDR5
930,Radeon RX 580,AMD,XFX,8.0,GDDR5
931,Radeon RX Vega 56,AMD,Asus,8.0,HBM2
932,Radeon RX Vega 56,AMD,Gigabyte,8.0,HBM2
933,Radeon RX Vega 56,AMD,MSI,8.0,HBM2
934,Radeon RX Vega 56,AMD,PowerColor,8.0,HBM2
935,Radeon RX Vega 56,AMD,Sapphire,8.0,HBM2
936,Radeon RX Vega 56,AMD,XFX,8.0,HBM2
937,Radeon RX Vega 64,AMD,AMD,16.0,HBM2
938,Radeon RX Vega 64,AMD,Asus,8.0,HBM2
939,Radeon RX Vega 64,AMD,Gigabyte,8.0,HBM2
940,Radeon RX Vega 64,AMD,HIS,8.0,HBM2
941,Radeon RX Vega 64,AMD,MSI,8.0,HBM2
942,Radeon RX Vega 64,AMD,PowerColor,8.0,HBM2
943,Radeon RX Vega 64,AMD,Sapphire,8.0,HBM2
944,Radeon RX Vega 64,AMD,XFX,8.0,HBM2
945,Radeon Vega Frontier Edition,AMD,AMD,16.0,HBM2
946,Radeon X1300,AMD,AMD,0.25,GDDR2
947,Radeon X1300,AMD,AMD,0.5,GDDR2
948,Radeon X1300,AMD,Sapphire,0.5,GDDR2
949,Radeon X1550,AMD,Sapphire,0.25,GDDR2
950,Radeon X1600,AMD,AMD,0.25,GDDR2
951,Radeon X1600,AMD,Gigabyte,0.25,GDDR2
952,Radeon X1600,AMD,Sapphire,0.25,GDDR
953,Radeon X1650,AMD,AMD,0.25,GDDR3
954,Radeon X1650,AMD,Asus,0.25,GDDR3
955,Radeon X1650,AMD,Gigabyte,0.25,GDDR3
956,Radeon X1650,AMD,MSI,0.25,GDDR3
957,Radeon X1650,AMD,Sapphire,0.25,GDDR3
958,Radeon X1650,AMD,Sapphire,0.5,GDDR
959,Radeon X1800,AMD,Asus,0.5,GDDR3
960,Radeon X1900,AMD,Gigabyte,0.5,GDDR3
961,Radeon X1950,AMD,AMD,0.25,GDDR3
962,Radeon X1950,AMD,AMD,1.0,GDDR3
963,Radeon X1950,AMD,Asus,0.25,GDDR3
964,Radeon X1950,AMD,Connect3D,0.5,GDDR4
965,Radeon X1950,AMD,MSI,0.25,GDDR3
966,Radeon X1950,AMD,MSI,0.5,GDDR3
967,Radeon X1950,AMD,PowerColor,0.25,GDDR3
968,Radeon X1950,AMD,Sapphire,0.25,GDDR3
969,Radeon X1950,AMD,Sapphire,0.5,GDDR4
970,Radeon X300,AMD,AMD,0.125,GDDR
971,Radeon X300,AMD,Connect3D,0.125,GDDR
972,Radeon X300,AMD,Sapphire,0.125,GDDR
973,Radeon X550,AMD,AMD,0.25,GDDR
974,Radeon X550,AMD,Asus,0.25,GDDR
975,Millennium G550,Matrox,Matrox,0.03125,GDDR
976,Millennium P650,Matrox,Matrox,0.125,GDDR
977,Millennium P690,Matrox,Matrox,0.125,GDDR2
978,Millennium P690,Matrox,Matrox,0.25,GDDR2
979,Matrox Unknown,Matrox,Matrox,0.5,GDDR2
980,Matrox Unknown,Matrox,Matrox,1.0,GDDR2
981,Matrox Unknown,Matrox,Matrox,1.0,GDDR3
982,Matrox Unknown,Matrox,Matrox,2.0,GDDR2
983,Matrox Unknown,Matrox,Matrox,2.0,GDDR5
984,GeForce 1030,NVidia,Asus,2.0,GDDR5
985,GeForce 1030,NVidia,EVGA,2.0,GDDR5
986,GeForce 1030,NVidia,Gainward,2.0,GDDR5
987,GeForce 1030,NVidia,GALAX,2.0,GDDR5
988,GeForce 1030,NVidia,Gigabyte,2.0,GDDR5
989,GeForce 1030,NVidia,Inno3D,2.0,GDDR5
990,GeForce 1030,NVidia,KFA2,2.0,GDDR5
991,GeForce 1030,NVidia,MSI,2.0,GDDR5
992,GeForce 1030,NVidia,Palit,2.0,GDDR5
993,GeForce 1030,NVidia,PNY,2.0,GDDR5
994,GeForce 1030,NVidia,Zotac,2.0,GDDR5
995,GeForce 1050,NVidia,Asus,2.0,GDDR5
996,GeForce 1050,NVidia,EVGA,2.0,GDDR5
997,GeForce 1050,NVidia,Gainward,2.0,GDDR5
998,GeForce 1050,NVidia,GALAX,2.0,GDDR5
999,GeForce 1050,NVidia,Gigabyte,2.0,GDDR5
1000,GeForce 1050,NVidia,Inno3D,2.0,GDDR5
1001,GeForce 1050,NVidia,KFA2,2.0,GDDR5
1002,GeForce 1050,NVidia,Manli,2.0,GDDR5
1003,GeForce 1050,NVidia,MSI,2.0,GDDR5
1004,GeForce 1050,NVidia,Palit,2.0,GDDR5
1005,GeForce 1050,NVidia,PNY,2.0,GDDR5
1006,GeForce 1050,NVidia,Zotac,2.0,GDDR5
1007,GeForce 1050 Ti,NVidia,Asus,4.0,GDDR5
1008,GeForce 1050 Ti,NVidia,EVGA,4.0,GDDR5
1009,GeForce 1050 Ti,NVidia,Gainward,4.0,GDDR5
1010,GeForce 1050 Ti,NVidia,GALAX,4.0,GDDR5
1011,GeForce 1050 Ti,NVidia,Gigabyte,4.0,GDDR5
1012,GeForce 1050 Ti,NVidia,Inno3D,4.0,GDDR5
1013,GeForce 1050 Ti,NVidia,KFA2,4.0,GDDR5
1014,GeForce 1050 Ti,NVidia,Manli,4.0,GDDR5
1015,GeForce 1050 Ti,NVidia,MSI,4.0,GDDR5
1016,GeForce 1050 Ti,NVidia,Palit,4.0,GDDR5
1017,GeForce 1050 Ti,NVidia,PNY,4.0,GDDR5
1018,GeForce 1050 Ti,NVidia,Zotac,4.0,GDDR5
1019,GeForce 1060,NVidia,Aorus,6.0,GDDR5
1020,GeForce 1060,NVidia,Asus,3.0,GDDR5
1021,GeForce 1060,NVidia,Asus,6.0,GDDR5
1022,GeForce 1060,NVidia,EVGA,3.0,GDDR5
1023,GeForce 1060,NVidia,EVGA,6.0,GDDR5
1024,GeForce 1060,NVidia,Gainward,3.0,GDDR5
1025,GeForce 1060,NVidia,Gainward,6.0,GDDR5
1026,GeForce 1060,NVidia,GALAX,3.0,GDDR5
1027,GeForce 1060,NVidia,GALAX,6.0,GDDR5
1028,GeForce 1060,NVidia,Gigabyte,3.0,GDDR5
1029,GeForce 1060,NVidia,Gigabyte,6.0,GDDR5
1030,GeForce 1060,NVidia,Inno3D,3.0,GDDR5
1031,GeForce 1060,NVidia,Inno3D,6.0,GDDR5
1032,GeForce 1060,NVidia,KFA2,3.0,GDDR5
1033,GeForce 1060,NVidia,KFA2,6.0,GDDR5
1034,GeForce 1060,NVidia,Manli,3.0,GDDR5
1035,GeForce 1060,NVidia,Manli,6.0,GDDR5
1036,GeForce 1060,NVidia,MSI,3.0,GDDR5
1037,GeForce 1060,NVidia,MSI,6.0,GDDR4
1038,GeForce 1060,NVidia,MSI,6.0,GDDR5
1039,GeForce 1060,NVidia,NVidia,6.0,GDDR5
1040,GeForce 1060,NVidia,Palit,3.0,GDDR5
1041,GeForce 1060,NVidia,Palit,6.0,GDDR5
1042,GeForce 1060,NVidia,PNY,3.0,GDDR5
1043,GeForce 1060,NVidia,PNY,6.0,GDDR5
1044,GeForce 1060,NVidia,Zotac,3.0,GDDR5
1045,GeForce 1060,NVidia,Zotac,6.0,GDDR5
1046,GeForce 1070,NVidia,Aorus,8.0,GDDR5
1047,GeForce 1070,NVidia,Asus,8.0,GDDR5
1048,GeForce 1070,NVidia,EVGA,8.0,GDDR5
1049,GeForce 1070,NVidia,Gainward,8.0,GDDR5
1050,GeForce 1070,NVidia,GALAX,8.0,GDDR5
1051,GeForce 1070,NVidia,Gigabyte,8.0,GDDR5
1052,GeForce 1070,NVidia,Inno3D,8.0,GDDR5
1053,GeForce 1070,NVidia,KFA2,8.0,GDDR5
1054,GeForce 1070,NVidia,MSI,8.0,GDDR5
1055,GeForce 1070,NVidia,NVidia,8.0,GDDR5
1056,GeForce 1070,NVidia,OcUK,8.0,GDDR5
1057,GeForce 1070,NVidia,Palit,8.0,GDDR5
1058,GeForce 1070,NVidia,Palit,8.0,GDDR5X
1059,GeForce 1070,NVidia,PNY,8.0,GDDR5
1060,GeForce 1070,NVidia,Zotac,8.0,GDDR5
1061,GeForce 1070 Ti,NVidia,Aorus,8.0,GDDR5
1062,GeForce 1070 Ti,NVidia,Asus,8.0,GDDR5
1063,GeForce 1070 Ti,NVidia,EVGA,8.0,GDDR5
1064,GeForce 1070 Ti,NVidia,Gainward,8.0,GDDR5
1065,GeForce 1070 Ti,NVidia,GALAX,8.0,GDDR5
1066,GeForce 1070 Ti,NVidia,Gigabyte,8.0,GDDR5
1067,GeForce 1070 Ti,NVidia,Inno3D,8.0,GDDR5
1068,GeForce 1070 Ti,NVidia,KFA2,8.0,GDDR5
1069,GeForce 1070 Ti,NVidia,MSI,8.0,GDDR5
1070,GeForce 1070 Ti,NVidia,Palit,8.0,GDDR5
1071,GeForce 1070 Ti,NVidia,PNY,8.0,GDDR5
1072,GeForce 1070 Ti,NVidia,Zotac,8.0,GDDR5
1073,GeForce 1080,NVidia,Aorus,8.0,GDDR5X
1074,GeForce 1080,NVidia,Asus,8.0,GDDR5X
1075,GeForce 1080,NVidia,Corsair,8.0,GDDR5X
1076,GeForce 1080,NVidia,EVGA,8.0,GDDR5X
1077,GeForce 1080,NVidia,Gainward,8.0,GDDR5X
1078,GeForce 1080,NVidia,GALAX,8.0,GDDR5X
1079,GeForce 1080,NVidia,Gigabyte,8.0,GDDR5X
1080,GeForce 1080,NVidia,Inno3D,8.0,GDDR5X
1081,GeForce 1080,NVidia,KFA2,8.0,GDDR5X
1082,GeForce 1080,NVidia,Manli,8.0,GDDR5X
1083,GeForce 1080,NVidia,MSI,8.0,GDDR5X
1084,GeForce 1080,NVidia,NVidia,8.0,GDDR5X
1085,GeForce 1080,NVidia,Palit,8.0,GDDR5X
1086,GeForce 1080,NVidia,PNY,8.0,GDDR5X
1087,GeForce 1080,NVidia,Zotac,8.0,GDDR5X
1088,GeForce 1080 Ti,NVidia,AMD,11.0,GDDR5X
1089,GeForce 1080 Ti,NVidia,Aorus,11.0,GDDR5X
1090,GeForce 1080 Ti,NVidia,Asus,11.0,GDDR5X
1091,GeForce 1080 Ti,NVidia,Colorful iGame,11.0,GDDR5X
1092,GeForce 1080 Ti,NVidia,Corsair,11.0,GDDR5X
1093,GeForce 1080 Ti,NVidia,EVGA,11.0,GDDR5X
1094,GeForce 1080 Ti,NVidia,Gainward,11.0,GDDR5X
1095,GeForce 1080 Ti,NVidia,GALAX,11.0,GDDR5X
1096,GeForce 1080 Ti,NVidia,Gigabyte,11.0,GDDR5X
1097,GeForce 1080 Ti,NVidia,HP,11.0,GDDR5X
1098,GeForce 1080 Ti,NVidia,Inno3D,11.0,GDDR5
1099,GeForce 1080 Ti,NVidia,Inno3D,11.0,GDDR5X
1100,GeForce 1080 Ti,NVidia,KFA2,11.0,GDDR5X
1101,GeForce 1080 Ti,NVidia,MSI,11.0,GDDR5
1102,GeForce 1080 Ti,NVidia,MSI,11.0,GDDR5X
1103,GeForce 1080 Ti,NVidia,NVidia,11.0,GDDR5X
1104,GeForce 1080 Ti,NVidia,OcUK,11.0,GDDR5X
1105,GeForce 1080 Ti,NVidia,Palit,11.0,GDDR5X
1106,GeForce 1080 Ti,NVidia,PNY,11.0,GDDR5X
1107,GeForce 1080 Ti,NVidia,Zotac,11.0,GDDR5X
1108,GeForce 210,NVidia,Asus,0.5,GDDR3
1109,GeForce 210,NVidia,Asus,1.0,GDDR2
1110,GeForce 210,NVidia,Asus,1.0,GDDR3
1111,GeForce 210,NVidia,EVGA,0.5,GDDR3
1112,GeForce 210,NVidia,EVGA,1.0,GDDR3
1113,GeForce 210,NVidia,Gainward,0.5,GDDR2
1114,GeForce 210,NVidia,Gainward,1.0,GDDR3
1115,GeForce 210,NVidia,GALAX,1.0,GDDR2
1116,GeForce 210,NVidia,GALAX,1.0,GDDR3
1117,GeForce 210,NVidia,Gigabyte,1.0,GDDR2
1118,GeForce 210,NVidia,Gigabyte,1.0,GDDR3
1119,GeForce 210,NVidia,Inno3D,0.5,GDDR3
1120,GeForce 210,NVidia,MSI,1.0,GDDR3
1121,GeForce 210,NVidia,Palit,1.0,GDDR3
1122,GeForce 210,NVidia,PNY,0.5,GDDR2
1123,GeForce 210,NVidia,PNY,0.5,GDDR3
1124,GeForce 210,NVidia,PNY,1.0,GDDR3
1125,GeForce 210,NVidia,Point of View,0.5,GDDR3
1126,GeForce 210,NVidia,Point of View,1.0,GDDR3
1127,GeForce 210,NVidia,Sparkle,1.0,GDDR3
1128,GeForce 210,NVidia,Zotac,0.5,GDDR2
1129,GeForce 210,NVidia,Zotac,1.0,GDDR3
1130,GeForce 220,NVidia,GALAX,1.0,GDDR2
1131,GeForce 220,NVidia,XFX,1.0,GDDR2
1132,GeForce 240,NVidia,Asus,0.5,GDDR3
1133,GeForce 250,NVidia,Asus,0.5,GDDR3
1134,GeForce 250,NVidia,Asus,1.0,GDDR3
1135,GeForce 250,NVidia,EVGA,0.5,GDDR3
1136,GeForce 250,NVidia,EVGA,1.0,GDDR3
1137,GeForce 250,NVidia,GALAX,1.0,GDDR3
1138,GeForce 250,NVidia,Gigabyte,1.0,GDDR3
1139,GeForce 250,NVidia,Palit,1.0,GDDR3
1140,GeForce 250,NVidia,Point of View,1.0,GDDR3
1141,GeForce 250,NVidia,XFX,0.5,GDDR3
1142,GeForce 250,NVidia,XFX,1.0,GDDR3
1143,GeForce 250,NVidia,Zotac,1.0,GDDR3
1144,GeForce 260,NVidia,Asus,0.875,GDDR3
1145,GeForce 260,NVidia,BFG Technologies,0.875,GDDR3
1146,GeForce 260,NVidia,EVGA,0.875,GDDR3
1147,GeForce 260,NVidia,Gigabyte,0.875,GDDR3
1148,GeForce 260,NVidia,Zotac,0.875,GDDR3
1149,GeForce 275,NVidia,Gigabyte,0.875,GDDR3
1150,GeForce 280,NVidia,Asus,1.0,GDDR3
1151,GeForce 280,NVidia,BFG Technologies,1.0,GDDR3
1152,GeForce 280,NVidia,EVGA,1.0,GDDR3
1153,GeForce 285,NVidia,Asus,1.0,GDDR3
1154,GeForce 285,NVidia,BFG Technologies,1.0,GDDR3
1155,GeForce 285,NVidia,Gigabyte,2.0,GDDR3
1156,GeForce 295,NVidia,BFG Technologies,1.75,GDDR3
1157,GeForce 295,NVidia,Gigabyte,1.75,GDDR3
1158,GeForce 430,NVidia,Asus,1.0,GDDR3
1159,GeForce 430,NVidia,ECS Elitegroup,1.0,GDDR3
1160,GeForce 430,NVidia,ECS Elitegroup,2.0,GDDR3
1161,GeForce 430,NVidia,EVGA,1.0,GDDR3
1162,GeForce 430,NVidia,Gainward,1.0,GDDR3
1163,GeForce 430,NVidia,GALAX,1.0,GDDR3
1164,GeForce 430,NVidia,Gigabyte,0.5,GDDR3
1165,GeForce 430,NVidia,Gigabyte,1.0,GDDR3
1166,GeForce 430,NVidia,Gigabyte,2.0,GDDR3
1167,GeForce 430,NVidia,Jaton,1.0,GDDR3
1168,GeForce 430,NVidia,MSI,1.0,GDDR3
1169,GeForce 430,NVidia,MSI,2.0,GDDR3
1170,GeForce 430,NVidia,MSI,4.0,GDDR3
1171,GeForce 430,NVidia,PNY,1.0,GDDR3
1172,GeForce 430,NVidia,Point of View,1.0,GDDR3
1173,GeForce 430,NVidia,Sparkle,0.5,GDDR3
1174,GeForce 430,NVidia,Sparkle,1.0,GDDR3
1175,GeForce 430,NVidia,Sparkle,2.0,GDDR3
1176,GeForce 430,NVidia,XFX,1.0,GDDR3
1177,GeForce 430,NVidia,XFX,2.0,GDDR3
1178,GeForce 430,NVidia,Zotac,0.5,GDDR3
1179,GeForce 430,NVidia,Zotac,1.0,GDDR3
1180,GeForce 430,NVidia,Zotac,2.0,GDDR3
1181,GeForce 440,NVidia,Asus,1.0,GDDR3
1182,GeForce 440,NVidia,Asus,1.0,GDDR5
1183,GeForce 440,NVidia,ECS Elitegroup,0.5,GDDR5
1184,GeForce 440,NVidia,ECS Elitegroup,1.0,GDDR3
1185,GeForce 440,NVidia,ECS Elitegroup,1.0,GDDR5
1186,GeForce 440,NVidia,ECS Elitegroup,2.0,GDDR3
1187,GeForce 440,NVidia,EVGA,1.0,GDDR3
1188,GeForce 440,NVidia,Gainward,1.0,GDDR5
1189,GeForce 440,NVidia,GALAX,1.0,GDDR3
1190,GeForce 440,NVidia,GALAX,2.0,GDDR3
1191,GeForce 440,NVidia,Gigabyte,1.0,GDDR3
1192,GeForce 440,NVidia,Gigabyte,2.0,GDDR3
1193,GeForce 440,NVidia,MSI,1.0,GDDR3
1194,GeForce 440,NVidia,PNY,1.0,GDDR5
1195,GeForce 440,NVidia,Point of View,1.0,GDDR3
1196,GeForce 440,NVidia,Point of View,2.0,GDDR3
1197,GeForce 440,NVidia,Sparkle,0.5,GDDR5
1198,GeForce 440,NVidia,Sparkle,1.0,GDDR3
1199,GeForce 440,NVidia,Sparkle,2.0,GDDR3
1200,GeForce 440,NVidia,Zotac,0.5,GDDR5
1201,GeForce 440,NVidia,Zotac,1.0,GDDR3
1202,GeForce 440,NVidia,Zotac,2.0,GDDR3
1203,GeForce 450,NVidia,Asus,1.0,GDDR5
1204,GeForce 450,NVidia,ECS Elitegroup,1.0,GDDR5
1205,GeForce 450,NVidia,EVGA,1.0,GDDR5
1206,GeForce 450,NVidia,GALAX,1.0,GDDR5
1207,GeForce 450,NVidia,Gigabyte,1.0,GDDR3
1208,GeForce 450,NVidia,Gigabyte,1.0,GDDR5
1209,GeForce 450,NVidia,MSI,1.0,GDDR3
1210,GeForce 450,NVidia,MSI,1.0,GDDR5
1211,GeForce 450,NVidia,MSI,2.0,GDDR3
1212,GeForce 450,NVidia,PNY,1.0,GDDR5
1213,GeForce 450,NVidia,Sparkle,1.0,GDDR5
1214,GeForce 450,NVidia,Sparkle,2.0,GDDR3
1215,GeForce 450,NVidia,Zotac,1.0,GDDR3
1216,GeForce 450,NVidia,Zotac,1.0,GDDR5
1217,GeForce 460,NVidia,Asus,0.75,GDDR5
1218,GeForce 460,NVidia,Asus,1.0,GDDR5
1219,GeForce 460,NVidia,ECS Elitegroup,1.0,GDDR5
1220,GeForce 460,NVidia,EVGA,0.75,GDDR5
1221,GeForce 460,NVidia,EVGA,1.0,GDDR5
1222,GeForce 460,NVidia,EVGA,2.0,GDDR5
1223,GeForce 460,NVidia,Gainward,1.0,GDDR5
1224,GeForce 460,NVidia,GALAX,0.75,GDDR5
1225,GeForce 460,NVidia,GALAX,1.0,GDDR5
1226,GeForce 460,NVidia,Gigabyte,0.75,GDDR5
1227,GeForce 460,NVidia,Gigabyte,1.0,GDDR5
1228,GeForce 460,NVidia,MSI,0.75,GDDR5
1229,GeForce 460,NVidia,MSI,1.0,GDDR5
1230,GeForce 460,NVidia,Palit,1.0,GDDR5
1231,GeForce 460,NVidia,PNY,1.0,GDDR5
1232,GeForce 460,NVidia,Sparkle,0.75,GDDR5
1233,GeForce 460,NVidia,Sparkle,1.0,GDDR5
1234,GeForce 460,NVidia,Sparkle,2.0,GDDR5
1235,GeForce 460,NVidia,Zotac,0.75,GDDR5
1236,GeForce 460,NVidia,Zotac,1.0,GDDR5
1237,GeForce 460,NVidia,Zotac,2.0,GDDR5
1238,GeForce 465,NVidia,Asus,1.0,GDDR5
1239,GeForce 465,NVidia,EVGA,1.0,GDDR5
1240,GeForce 465,NVidia,GALAX,1.0,GDDR5
1241,GeForce 465,NVidia,Gigabyte,1.0,GDDR5
1242,GeForce 465,NVidia,MSI,1.0,GDDR5
1243,GeForce 465,NVidia,PNY,1.0,GDDR5
1244,GeForce 465,NVidia,Sparkle,1.0,GDDR5
1245,GeForce 465,NVidia,Zotac,1.0,GDDR5
1246,GeForce 470,NVidia,Asus,1.25,GDDR5
1247,GeForce 470,NVidia,EVGA,1.25,GDDR5
1248,GeForce 470,NVidia,GALAX,1.25,GDDR5
1249,GeForce 470,NVidia,Gigabyte,1.25,GDDR5
1250,GeForce 470,NVidia,MSI,1.25,GDDR5
1251,GeForce 470,NVidia,PNY,1.25,GDDR5
1252,GeForce 470,NVidia,Point of View,1.25,GDDR5
1253,GeForce 470,NVidia,Sparkle,1.25,GDDR5
1254,GeForce 470,NVidia,Zotac,1.25,GDDR5
1255,GeForce 480,NVidia,Asus,1.5,GDDR5
1256,GeForce 480,NVidia,EVGA,1.5,GDDR5
1257,GeForce 480,NVidia,Gigabyte,1.5,GDDR5
1258,GeForce 480,NVidia,MSI,1.5,GDDR5
1259,GeForce 480,NVidia,PNY,1.5,GDDR5
1260,GeForce 480,NVidia,Zotac,1.5,GDDR5
1261,GeForce 520,NVidia,Asus,1.0,GDDR3
1262,GeForce 520,NVidia,ECS Elitegroup,1.0,GDDR3
1263,GeForce 520,NVidia,ECS Elitegroup,2.0,GDDR3
1264,GeForce 520,NVidia,EVGA,1.0,GDDR3
1265,GeForce 520,NVidia,EVGA,2.0,GDDR3
1266,GeForce 520,NVidia,Gainward,1.0,GDDR3
1267,GeForce 520,NVidia,Gainward,2.0,GDDR3
1268,GeForce 520,NVidia,GALAX,1.0,GDDR3
1269,GeForce 520,NVidia,GALAX,2.0,GDDR3
1270,GeForce 520,NVidia,Gigabyte,1.0,GDDR3
1271,GeForce 520,NVidia,Jaton,1.0,GDDR3
1272,GeForce 520,NVidia,MSI,1.0,GDDR3
1273,GeForce 520,NVidia,MSI,2.0,GDDR3
1274,GeForce 520,NVidia,PNY,1.0,GDDR3
1275,GeForce 520,NVidia,Point of View,1.0,GDDR3
1276,GeForce 520,NVidia,Sparkle,1.0,GDDR3
1277,GeForce 520,NVidia,Sparkle,2.0,GDDR3
1278,GeForce 520,NVidia,XFX,1.0,GDDR3
1279,GeForce 520,NVidia,XFX,2.0,GDDR3
1280,GeForce 520,NVidia,Zotac,0.5,GDDR3
1281,GeForce 520,NVidia,Zotac,1.0,GDDR3
1282,GeForce 520,NVidia,Zotac,2.0,GDDR3
1283,GeForce 5200,NVidia,Zotac,0.25,GDDR
1284,GeForce 550 Ti,NVidia,Asus,1.0,GDDR5
1285,GeForce 550 Ti,NVidia,ECS Elitegroup,1.0,GDDR5
1286,GeForce 550 Ti,NVidia,EVGA,1.0,GDDR5
1287,GeForce 550 Ti,NVidia,EVGA,2.0,GDDR5
1288,GeForce 550 Ti,NVidia,Gainward,1.0,GDDR5
1289,GeForce 550 Ti,NVidia,GALAX,1.0,GDDR5
1290,GeForce 550 Ti,NVidia,GALAX,2.0,GDDR5
1291,GeForce 550 Ti,NVidia,Gigabyte,1.0,GDDR5
1292,GeForce 550 Ti,NVidia,MSI,1.0,GDDR5
1293,GeForce 550 Ti,NVidia,Palit,1.0,GDDR5
1294,GeForce 550 Ti,NVidia,PNY,1.0,GDDR5
1295,GeForce 550 Ti,NVidia,Sparkle,1.0,GDDR5
1296,GeForce 550 Ti,NVidia,Zotac,1.0,GDDR5
1297,GeForce 560,NVidia,Asus,1.0,GDDR5
1298,GeForce 560,NVidia,ECS Elitegroup,1.0,GDDR5
1299,GeForce 560,NVidia,EVGA,1.0,GDDR5
1300,GeForce 560,NVidia,EVGA,2.0,GDDR5
1301,GeForce 560,NVidia,GALAX,1.0,GDDR5
1302,GeForce 560,NVidia,GALAX,2.0,GDDR5
1303,GeForce 560,NVidia,MSI,1.0,GDDR5
1304,GeForce 560,NVidia,PNY,1.0,GDDR5
1305,GeForce 560,NVidia,Point of View,1.0,GDDR5
1306,GeForce 560,NVidia,Sparkle,1.0,GDDR5
1307,GeForce 560,NVidia,Sparkle,2.0,GDDR5
1308,GeForce 560,NVidia,Zotac,1.0,GDDR5
1309,GeForce 560,NVidia,Zotac,2.0,GDDR5
1310,GeForce 560 Ti,NVidia,Asus,1.0,GDDR5
1311,GeForce 560 Ti,NVidia,Asus,1.25,GDDR5
1312,GeForce 560 Ti,NVidia,Asus,2.0,GDDR5
1313,GeForce 560 Ti,NVidia,ECS Elitegroup,1.0,GDDR5
1314,GeForce 560 Ti,NVidia,EVGA,1.0,GDDR5
1315,GeForce 560 Ti,NVidia,EVGA,1.25,GDDR5
1316,GeForce 560 Ti,NVidia,EVGA,2.0,GDDR5
1317,GeForce 560 Ti,NVidia,Gainward,1.0,GDDR5
1318,GeForce 560 Ti,NVidia,GALAX,1.0,GDDR5
1319,GeForce 560 Ti,NVidia,GALAX,1.25,GDDR5
1320,GeForce 560 Ti,NVidia,Gigabyte,1.0,GDDR5
1321,GeForce 560 Ti,NVidia,Gigabyte,1.25,GDDR5
1322,GeForce 560 Ti,NVidia,MSI,1.0,GDDR5
1323,GeForce 560 Ti,NVidia,MSI,1.25,GDDR5
1324,GeForce 560 Ti,NVidia,PNY,1.0,GDDR5
1325,GeForce 560 Ti,NVidia,Point of View,1.0,GDDR5
1326,GeForce 560 Ti,NVidia,Sparkle,1.0,GDDR5
1327,GeForce 560 Ti,NVidia,Zotac,1.0,GDDR5
1328,GeForce 560 Ti,NVidia,Zotac,1.25,GDDR5
1329,GeForce 570,NVidia,Asus,1.25,GDDR5
1330,GeForce 570,NVidia,ECS Elitegroup,1.25,GDDR5
1331,GeForce 570,NVidia,EVGA,1.25,GDDR5
1332,GeForce 570,NVidia,GALAX,1.25,GDDR5
1333,GeForce 570,NVidia,Gigabyte,1.25,GDDR5
1334,GeForce 570,NVidia,MSI,1.25,GDDR5
1335,GeForce 570,NVidia,Palit,1.25,GDDR5
1336,GeForce 570,NVidia,PNY,1.25,GDDR5
1337,GeForce 570,NVidia,Sparkle,1.25,GDDR5
1338,GeForce 570,NVidia,Zotac,1.25,GDDR5
1339,GeForce 580,NVidia,Asus,1.5,GDDR5
1340,GeForce 580,NVidia,Asus,3.0,GDDR5
1341,GeForce 580,NVidia,ECS Elitegroup,1.5,GDDR5
1342,GeForce 580,NVidia,EVGA,1.5,GDDR5
1343,GeForce 580,NVidia,EVGA,3.0,GDDR5
1344,GeForce 580,NVidia,Gainward,1.5,GDDR5
1345,GeForce 580,NVidia,GALAX,1.5,GDDR5
1346,GeForce 580,NVidia,Gigabyte,1.5,GDDR5
1347,GeForce 580,NVidia,Gigabyte,3.0,GDDR5
1348,GeForce 580,NVidia,MSI,1.5,GDDR5
1349,GeForce 580,NVidia,MSI,3.0,GDDR5
1350,GeForce 580,NVidia,Palit,1.5,GDDR5
1351,GeForce 580,NVidia,PNY,1.5,GDDR5
1352,GeForce 580,NVidia,Sparkle,1.5,GDDR5
1353,GeForce 580,NVidia,Zotac,1.5,GDDR5
1354,GeForce 580,NVidia,Zotac,3.0,GDDR5
1355,GeForce 590,NVidia,Asus,3.0,GDDR5
1356,GeForce 610,NVidia,Asus,1.0,GDDR3
1357,GeForce 610,NVidia,Asus,2.0,GDDR3
1358,GeForce 610,NVidia,ECS Elitegroup,1.0,GDDR3
1359,GeForce 610,NVidia,EVGA,1.0,GDDR3
1360,GeForce 610,NVidia,EVGA,2.0,GDDR3
1361,GeForce 610,NVidia,Gainward,1.0,GDDR3
1362,GeForce 610,NVidia,GALAX,1.0,GDDR3
1363,GeForce 610,NVidia,GALAX,2.0,GDDR3
1364,GeForce 610,NVidia,Gigabyte,1.0,GDDR3
1365,GeForce 610,NVidia,Gigabyte,2.0,GDDR3
1366,GeForce 610,NVidia,Jaton,1.0,GDDR3
1367,GeForce 610,NVidia,Jaton,2.0,GDDR3
1368,GeForce 610,NVidia,MSI,1.0,GDDR3
1369,GeForce 610,NVidia,MSI,2.0,GDDR3
1370,GeForce 610,NVidia,Palit,1.0,GDDR3
1371,GeForce 610,NVidia,PNY,1.0,GDDR3
1372,GeForce 610,NVidia,Sparkle,1.0,GDDR3
1373,GeForce 610,NVidia,Sparkle,2.0,GDDR3
1374,GeForce 610,NVidia,XFX,1.0,GDDR3
1375,GeForce 610,NVidia,XFX,2.0,GDDR3
1376,GeForce 610,NVidia,Zotac,0.5,GDDR3
1377,GeForce 610,NVidia,Zotac,1.0,GDDR3
1378,GeForce 610,NVidia,Zotac,2.0,GDDR3
1379,GeForce 620,NVidia,Asus,1.0,GDDR3
1380,GeForce 620,NVidia,ECS Elitegroup,1.0,GDDR3
1381,GeForce 620,NVidia,ECS Elitegroup,2.0,GDDR3
1382,GeForce 620,NVidia,EVGA,1.0,GDDR3
1383,GeForce 620,NVidia,EVGA,2.0,GDDR3
1384,GeForce 620,NVidia,Gainward,1.0,GDDR3
1385,GeForce 620,NVidia,GALAX,2.0,GDDR3
1386,GeForce 620,NVidia,Gigabyte,1.0,GDDR3
1387,GeForce 620,NVidia,MSI,1.0,GDDR3
1388,GeForce 620,NVidia,MSI,2.0,GDDR3
1389,GeForce 620,NVidia,Palit,2.0,GDDR3
1390,GeForce 620,NVidia,PNY,1.0,GDDR3
1391,GeForce 620,NVidia,XFX,1.0,GDDR3
1392,GeForce 620,NVidia,XFX,2.0,GDDR3
1393,GeForce 620,NVidia,Zotac,1.0,GDDR3
1394,GeForce 620,NVidia,Zotac,2.0,GDDR3
1395,GeForce 6200,NVidia,MSI,0.0625,GDDR
1396,GeForce 630,NVidia,Asus,2.0,GDDR3
1397,GeForce 630,NVidia,Asus,4.0,GDDR3
1398,GeForce 630,NVidia,ECS Elitegroup,1.0,GDDR3
1399,GeForce 630,NVidia,EVGA,1.0,GDDR3
1400,GeForce 630,NVidia,EVGA,1.0,GDDR5
1401,GeForce 630,NVidia,EVGA,2.0,GDDR3
1402,GeForce 630,NVidia,Gainward,1.0,GDDR3
1403,GeForce 630,NVidia,Gainward,2.0,GDDR3
1404,GeForce 630,NVidia,GALAX,1.0,GDDR3
1405,GeForce 630,NVidia,Gigabyte,1.0,GDDR3
1406,GeForce 630,NVidia,Gigabyte,2.0,GDDR3
1407,GeForce 630,NVidia,HP,2.0,GDDR3
1408,GeForce 630,NVidia,Inno3D,4.0,GDDR3
1409,GeForce 630,NVidia,Jaton,1.0,GDDR3
1410,GeForce 630,NVidia,Jaton,2.0,GDDR3
1411,GeForce 630,NVidia,MSI,1.0,GDDR3
1412,GeForce 630,NVidia,MSI,2.0,GDDR3
1413,GeForce 630,NVidia,MSI,4.0,GDDR3
1414,GeForce 630,NVidia,Palit,2.0,GDDR3
1415,GeForce 630,NVidia,PNY,1.0,GDDR3
1416,GeForce 630,NVidia,PNY,2.0,GDDR3
1417,GeForce 630,NVidia,Sparkle,1.0,GDDR3
1418,GeForce 630,NVidia,Sparkle,2.0,GDDR3
1419,GeForce 630,NVidia,Sparkle,4.0,GDDR3
1420,GeForce 630,NVidia,XFX,1.0,GDDR3
1421,GeForce 630,NVidia,XFX,2.0,GDDR3
1422,GeForce 630,NVidia,Zotac,1.0,GDDR3
1423,GeForce 630,NVidia,Zotac,2.0,GDDR3
1424,GeForce 630,NVidia,Zotac,4.0,GDDR3
1425,GeForce 640,NVidia,Asus,1.0,GDDR3
1426,GeForce 640,NVidia,Asus,1.0,GDDR5
1427,GeForce 640,NVidia,Asus,2.0,GDDR3
1428,GeForce 640,NVidia,ECS Elitegroup,2.0,GDDR3
1429,GeForce 640,NVidia,EVGA,1.0,GDDR5
1430,GeForce 640,NVidia,EVGA,2.0,GDDR3
1431,GeForce 640,NVidia,EVGA,4.0,GDDR3
1432,GeForce 640,NVidia,Gainward,1.0,GDDR3
1433,GeForce 640,NVidia,Gainward,2.0,GDDR3
1434,GeForce 640,NVidia,GALAX,1.0,GDDR3
1435,GeForce 640,NVidia,GALAX,2.0,GDDR3
1436,GeForce 640,NVidia,Gigabyte,1.0,GDDR5
1437,GeForce 640,NVidia,Gigabyte,2.0,GDDR3
1438,GeForce 640,NVidia,MSI,1.0,GDDR3
1439,GeForce 640,NVidia,MSI,1.0,GDDR5
1440,GeForce 640,NVidia,MSI,2.0,GDDR3
1441,GeForce 640,NVidia,MSI,4.0,GDDR3
1442,GeForce 640,NVidia,Palit,1.0,GDDR3
1443,GeForce 640,NVidia,Palit,2.0,GDDR3
1444,GeForce 640,NVidia,PNY,1.0,GDDR3
1445,GeForce 640,NVidia,PNY,2.0,GDDR3
1446,GeForce 640,NVidia,Sparkle,1.0,GDDR3
1447,GeForce 640,NVidia,Sparkle,2.0,GDDR3
1448,GeForce 640,NVidia,XFX,2.0,GDDR3
1449,GeForce 640,NVidia,Zotac,1.0,GDDR3
1450,GeForce 640,NVidia,Zotac,1.0,GDDR5
1451,GeForce 640,NVidia,Zotac,2.0,GDDR3
1452,GeForce 640,NVidia,Zotac,2.0,GDDR5
1453,GeForce 650,NVidia,Asus,1.0,GDDR5
1454,GeForce 650,NVidia,Asus,2.0,GDDR5
1455,GeForce 650,NVidia,EVGA,1.0,GDDR5
1456,GeForce 650,NVidia,EVGA,2.0,GDDR5
1457,GeForce 650,NVidia,Gainward,1.0,GDDR5
1458,GeForce 650,NVidia,Gainward,2.0,GDDR5
1459,GeForce 650,NVidia,GALAX,1.0,GDDR5
1460,GeForce 650,NVidia,Gigabyte,1.0,GDDR5
1461,GeForce 650,NVidia,Gigabyte,2.0,GDDR5
1462,GeForce 650,NVidia,Gigabyte,4.0,GDDR5
1463,GeForce 650,NVidia,MSI,1.0,GDDR5
1464,GeForce 650,NVidia,MSI,2.0,GDDR5
1465,GeForce 650,NVidia,Palit,2.0,GDDR5
1466,GeForce 650,NVidia,PNY,1.0,GDDR5
1467,GeForce 650,NVidia,PNY,2.0,GDDR5
1468,GeForce 650,NVidia,Sparkle,1.0,GDDR5
1469,GeForce 650,NVidia,Zotac,1.0,GDDR5
1470,GeForce 650,NVidia,Zotac,2.0,GDDR5
1471,GeForce 650 Ti,NVidia,Asus,1.0,GDDR5
1472,GeForce 650 Ti,NVidia,Asus,2.0,GDDR5
1473,GeForce 650 Ti,NVidia,ECS Elitegroup,1.0,GDDR5
1474,GeForce 650 Ti,NVidia,EVGA,1.0,GDDR5
1475,GeForce 650 Ti,NVidia,EVGA,2.0,GDDR5
1476,GeForce 650 Ti,NVidia,Gainward,1.0,GDDR5
1477,GeForce 650 Ti,NVidia,Gainward,2.0,GDDR5
1478,GeForce 650 Ti,NVidia,GALAX,1.0,GDDR5
1479,GeForce 650 Ti,NVidia,GALAX,2.0,GDDR5
1480,GeForce 650 Ti,NVidia,Gigabyte,1.0,GDDR5
1481,GeForce 650 Ti,NVidia,Gigabyte,2.0,GDDR5
1482,GeForce 650 Ti,NVidia,MSI,1.0,GDDR5
1483,GeForce 650 Ti,NVidia,MSI,2.0,GDDR5
1484,GeForce 650 Ti,NVidia,PNY,1.0,GDDR5
1485,GeForce 650 Ti,NVidia,PNY,2.0,GDDR5
1486,GeForce 650 Ti,NVidia,Sparkle,1.0,GDDR5
1487,GeForce 650 Ti,NVidia,Zotac,1.0,GDDR5
1488,GeForce 650 Ti,NVidia,Zotac,2.0,GDDR5
1489,GeForce 660,NVidia,Asus,2.0,GDDR5
1490,GeForce 660,NVidia,Club 3D,2.0,GDDR5
1491,GeForce 660,NVidia,EVGA,2.0,GDDR5
1492,GeForce 660,NVidia,EVGA,3.0,GDDR5
1493,GeForce 660,NVidia,Gainward,2.0,GDDR5
1494,GeForce 660,NVidia,GALAX,2.0,GDDR5
1495,GeForce 660,NVidia,Gigabyte,2.0,GDDR5
1496,GeForce 660,NVidia,Gigabyte,3.0,GDDR5
1497,GeForce 660,NVidia,MSI,2.0,GDDR5
1498,GeForce 660,NVidia,Palit,2.0,GDDR5
1499,GeForce 660,NVidia,PNY,2.0,GDDR5
1500,GeForce 660,NVidia,Sparkle,2.0,GDDR5
1501,GeForce 660,NVidia,Zotac,2.0,GDDR5
1502,GeForce 660 Ti,NVidia,Asus,2.0,GDDR5
1503,GeForce 660 Ti,NVidia,Asus,3.0,GDDR5
1504,GeForce 660 Ti,NVidia,EVGA,2.0,GDDR5
1505,GeForce 660 Ti,NVidia,EVGA,3.0,GDDR5
1506,GeForce 660 Ti,NVidia,Gainward,2.0,GDDR5
1507,GeForce 660 Ti,NVidia,GALAX,2.0,GDDR5
1508,GeForce 660 Ti,NVidia,GALAX,3.0,GDDR5
1509,GeForce 660 Ti,NVidia,Gigabyte,2.0,GDDR5
1510,GeForce 660 Ti,NVidia,Gigabyte,3.0,GDDR5
1511,GeForce 660 Ti,NVidia,MSI,2.0,GDDR5
1512,GeForce 660 Ti,NVidia,Palit,2.0,GDDR5
1513,GeForce 660 Ti,NVidia,PNY,2.0,GDDR5
1514,GeForce 660 Ti,NVidia,Sparkle,2.0,GDDR5
1515,GeForce 660 Ti,NVidia,Zotac,2.0,GDDR5
1516,GeForce 670,NVidia,Asus,2.0,GDDR5
1517,GeForce 670,NVidia,Asus,4.0,GDDR5
1518,GeForce 670,NVidia,EVGA,2.0,GDDR5
1519,GeForce 670,NVidia,EVGA,4.0,GDDR5
1520,GeForce 670,NVidia,Gainward,2.0,GDDR5
1521,GeForce 670,NVidia,GALAX,2.0,GDDR5
1522,GeForce 670,NVidia,GALAX,4.0,GDDR5
1523,GeForce 670,NVidia,Gigabyte,2.0,GDDR5
1524,GeForce 670,NVidia,Gigabyte,4.0,GDDR5
1525,GeForce 670,NVidia,Inno3D,4.0,GDDR5
1526,GeForce 670,NVidia,MSI,2.0,GDDR5
1527,GeForce 670,NVidia,Palit,2.0,GDDR5
1528,GeForce 670,NVidia,PNY,2.0,GDDR5
1529,GeForce 670,NVidia,Sparkle,2.0,GDDR5
1530,GeForce 670,NVidia,Zotac,2.0,GDDR5
1531,GeForce 670,NVidia,Zotac,4.0,GDDR5
1532,GeForce 680,NVidia,Asus,2.0,GDDR5
1533,GeForce 680,NVidia,Asus,4.0,GDDR5
1534,GeForce 680,NVidia,EVGA,2.0,GDDR5
1535,GeForce 680,NVidia,EVGA,4.0,GDDR5
1536,GeForce 680,NVidia,Gainward,2.0,GDDR5
1537,GeForce 680,NVidia,Gainward,4.0,GDDR5
1538,GeForce 680,NVidia,GALAX,2.0,GDDR5
1539,GeForce 680,NVidia,GALAX,4.0,GDDR5
1540,GeForce 680,NVidia,Gigabyte,2.0,GDDR5
1541,GeForce 680,NVidia,Gigabyte,4.0,GDDR5
1542,GeForce 680,NVidia,Inno3D,2.0,GDDR5
1543,GeForce 680,NVidia,Leadtek,2.0,GDDR5
1544,GeForce 680,NVidia,MSI,2.0,GDDR5
1545,GeForce 680,NVidia,MSI,4.0,GDDR5
1546,GeForce 680,NVidia,PNY,2.0,GDDR5
1547,GeForce 680,NVidia,PNY,4.0,GDDR5
1548,GeForce 680,NVidia,Sparkle,2.0,GDDR5
1549,GeForce 680,NVidia,Zotac,2.0,GDDR5
1550,GeForce 680,NVidia,Zotac,4.0,GDDR5
1551,GeForce 690,NVidia,Asus,4.0,GDDR5
1552,GeForce 690,NVidia,EVGA,4.0,GDDR5
1553,GeForce 690,NVidia,Gainward,4.0,GDDR5
1554,GeForce 690,NVidia,Gigabyte,4.0,GDDR5
1555,GeForce 710,NVidia,Asus,1.0,GDDR3
1556,GeForce 710,NVidia,Asus,1.0,GDDR5
1557,GeForce 710,NVidia,Asus,2.0,GDDR3
1558,GeForce 710,NVidia,Asus,2.0,GDDR5
1559,GeForce 710,NVidia,EVGA,1.0,GDDR3
1560,GeForce 710,NVidia,EVGA,2.0,GDDR3
1561,GeForce 710,NVidia,EVGA,2.0,GDDR5
1562,GeForce 710,NVidia,Gainward,1.0,GDDR3
1563,GeForce 710,NVidia,Gainward,2.0,GDDR3
1564,GeForce 710,NVidia,GALAX,1.0,GDDR3
1565,GeForce 710,NVidia,GALAX,2.0,GDDR3
1566,GeForce 710,NVidia,Gigabyte,1.0,GDDR3
1567,GeForce 710,NVidia,Gigabyte,1.0,GDDR5
1568,GeForce 710,NVidia,Gigabyte,2.0,GDDR3
1569,GeForce 710,NVidia,Gigabyte,2.0,GDDR5
1570,GeForce 710,NVidia,Inno3D,1.0,GDDR3
1571,GeForce 710,NVidia,Inno3D,2.0,GDDR3
1572,GeForce 710,NVidia,MSI,1.0,GDDR3
1573,GeForce 710,NVidia,MSI,2.0,GDDR3
1574,GeForce 710,NVidia,Palit,1.0,GDDR3
1575,GeForce 710,NVidia,Palit,2.0,GDDR3
1576,GeForce 710,NVidia,PNY,1.0,GDDR3
1577,GeForce 710,NVidia,PNY,2.0,GDDR3
1578,GeForce 710,NVidia,Zotac,1.0,GDDR3
1579,GeForce 710,NVidia,Zotac,2.0,GDDR3
1580,GeForce 720,NVidia,Asus,1.0,GDDR3
1581,GeForce 720,NVidia,Asus,2.0,GDDR3
1582,GeForce 720,NVidia,EVGA,1.0,GDDR3
1583,GeForce 720,NVidia,EVGA,2.0,GDDR3
1584,GeForce 720,NVidia,Gigabyte,1.0,GDDR3
1585,GeForce 720,NVidia,MSI,1.0,GDDR3
1586,GeForce 720,NVidia,MSI,1.0,GDDR5
1587,GeForce 720,NVidia,MSI,2.0,GDDR3
1588,GeForce 720,NVidia,MSI,2.0,GDDR5
1589,GeForce 720,NVidia,Palit,1.0,GDDR3
1590,GeForce 720,NVidia,Palit,2.0,GDDR3
1591,GeForce 720,NVidia,PNY,1.0,GDDR3
1592,GeForce 720,NVidia,Zotac,1.0,GDDR3
1593,GeForce 720,NVidia,Zotac,2.0,GDDR3
1594,GeForce 7200,NVidia,EVGA,0.25,GDDR2
1595,GeForce 7200,NVidia,EVGA,0.5,GDDR2
1596,GeForce 7200,NVidia,Zotac,0.25,GDDR2
1597,GeForce 730,NVidia,Asus,1.0,GDDR3
1598,GeForce 730,NVidia,Asus,1.0,GDDR5
1599,GeForce 730,NVidia,Asus,2.0,GDDR3
1600,GeForce 730,NVidia,Asus,2.0,GDDR5
1601,GeForce 730,NVidia,Asus,4.0,GDDR3
1602,GeForce 730,NVidia,EVGA,1.0,GDDR3
1603,GeForce 730,NVidia,EVGA,1.0,GDDR5
1604,GeForce 730,NVidia,EVGA,2.0,GDDR3
1605,GeForce 730,NVidia,EVGA,2.0,GDDR5
1606,GeForce 730,NVidia,EVGA,4.0,GDDR3
1607,GeForce 730,NVidia,Gainward,1.0,GDDR3
1608,GeForce 730,NVidia,Gainward,2.0,GDDR3
1609,GeForce 730,NVidia,Gainward,2.0,GDDR5
1610,GeForce 730,NVidia,Gainward,4.0,GDDR5
1611,GeForce 730,NVidia,GALAX,1.0,GDDR5
1612,GeForce 730,NVidia,Gigabyte,1.0,GDDR3
1613,GeForce 730,NVidia,Gigabyte,1.0,GDDR5
1614,GeForce 730,NVidia,Gigabyte,2.0,GDDR3
1615,GeForce 730,NVidia,Gigabyte,2.0,GDDR5
1616,GeForce 730,NVidia,Inno3D,1.0,GDDR3
1617,GeForce 730,NVidia,Inno3D,1.0,GDDR5
1618,GeForce 730,NVidia,Inno3D,2.0,GDDR3
1619,GeForce 730,NVidia,Inno3D,2.0,GDDR5
1620,GeForce 730,NVidia,Inno3D,4.0,GDDR3
1621,GeForce 730,NVidia,MSI,1.0,GDDR5
1622,GeForce 730,NVidia,MSI,2.0,GDDR3
1623,GeForce 730,NVidia,MSI,2.0,GDDR5
1624,GeForce 730,NVidia,MSI,4.0,GDDR3
1625,GeForce 730,NVidia,Palit,1.0,GDDR3
1626,GeForce 730,NVidia,Palit,2.0,GDDR3
1627,GeForce 730,NVidia,Palit,2.0,GDDR5
1628,GeForce 730,NVidia,Palit,4.0,GDDR3
1629,GeForce 730,NVidia,Palit,4.0,GDDR5
1630,GeForce 730,NVidia,PNY,1.0,GDDR3
1631,GeForce 730,NVidia,PNY,2.0,GDDR3
1632,GeForce 730,NVidia,Zotac,1.0,GDDR3
1633,GeForce 730,NVidia,Zotac,1.0,GDDR5
1634,GeForce 730,NVidia,Zotac,2.0,GDDR3
1635,GeForce 730,NVidia,Zotac,2.0,GDDR5
1636,GeForce 730,NVidia,Zotac,4.0,GDDR3
1637,GeForce 730,NVidia,Zotac,4.0,GDDR5
1638,GeForce 7300,NVidia,Albatron,0.125,GDDR2
1639,GeForce 7300,NVidia,Gigabyte,0.125,GDDR2
1640,GeForce 7300,NVidia,Inno3D,0.25,GDDR2
1641,GeForce 740,NVidia,Asus,1.0,GDDR5
1642,GeForce 740,NVidia,Asus,2.0,GDDR3
1643,GeForce 740,NVidia,Asus,2.0,GDDR5
1644,GeForce 740,NVidia,EVGA,1.0,GDDR5
1645,GeForce 740,NVidia,EVGA,2.0,GDDR3
1646,GeForce 740,NVidia,EVGA,2.0,GDDR5
1647,GeForce 740,NVidia,EVGA,4.0,GDDR3
1648,GeForce 740,NVidia,EVGA,4.0,GDDR5
1649,GeForce 740,NVidia,Gainward,1.0,GDDR5
1650,GeForce 740,NVidia,GALAX,1.0,GDDR5
1651,GeForce 740,NVidia,Gigabyte,1.0,GDDR5
1652,GeForce 740,NVidia,Gigabyte,2.0,GDDR3
1653,GeForce 740,NVidia,Gigabyte,2.0,GDDR5
1654,GeForce 740,NVidia,MSI,1.0,GDDR5
1655,GeForce 740,NVidia,MSI,2.0,GDDR3
1656,GeForce 740,NVidia,MSI,2.0,GDDR5
1657,GeForce 740,NVidia,MSI,4.0,GDDR3
1658,GeForce 740,NVidia,Palit,2.0,GDDR3
1659,GeForce 740,NVidia,PNY,1.0,GDDR3
1660,GeForce 740,NVidia,Zotac,1.0,GDDR5
1661,GeForce 740,NVidia,Zotac,2.0,GDDR3
1662,GeForce 740,NVidia,Zotac,2.0,GDDR5
1663,GeForce 750,NVidia,Asus,1.0,GDDR5
1664,GeForce 750,NVidia,Asus,2.0,GDDR5
1665,GeForce 750,NVidia,Asus,4.0,GDDR5
1666,GeForce 750,NVidia,EVGA,1.0,GDDR5
1667,GeForce 750,NVidia,EVGA,2.0,GDDR5
1668,GeForce 750,NVidia,Gainward,1.0,GDDR5
1669,GeForce 750,NVidia,GALAX,2.0,GDDR5
1670,GeForce 750,NVidia,Gigabyte,1.0,GDDR5
1671,GeForce 750,NVidia,Gigabyte,2.0,GDDR5
1672,GeForce 750,NVidia,Inno3D,1.0,GDDR5
1673,GeForce 750,NVidia,MSI,1.0,GDDR5
1674,GeForce 750,NVidia,MSI,2.0,GDDR5
1675,GeForce 750,NVidia,Palit,2.0,GDDR5
1676,GeForce 750,NVidia,PNY,1.0,GDDR5
1677,GeForce 750,NVidia,Zotac,1.0,GDDR5
1678,GeForce 750,NVidia,Zotac,2.0,GDDR5
1679,GeForce 750 Ti,NVidia,Asus,2.0,GDDR5
1680,GeForce 750 Ti,NVidia,Asus,4.0,GDDR5
1681,GeForce 750 Ti,NVidia,EVGA,2.0,GDDR5
1682,GeForce 750 Ti,NVidia,GALAX,2.0,GDDR5
1683,GeForce 750 Ti,NVidia,Gigabyte,1.0,GDDR5
1684,GeForce 750 Ti,NVidia,Gigabyte,2.0,GDDR5
1685,GeForce 750 Ti,NVidia,Gigabyte,4.0,GDDR5
1686,GeForce 750 Ti,NVidia,Inno3D,2.0,GDDR5
1687,GeForce 750 Ti,NVidia,KFA2,2.0,GDDR5
1688,GeForce 750 Ti,NVidia,MSI,2.0,GDDR5
1689,GeForce 750 Ti,NVidia,Palit,2.0,GDDR5
1690,GeForce 750 Ti,NVidia,PNY,2.0,GDDR5
1691,GeForce 750 Ti,NVidia,Zotac,1.0,GDDR5
1692,GeForce 750 Ti,NVidia,Zotac,2.0,GDDR5
1693,GeForce 760,NVidia,Asus,2.0,GDDR5
1694,GeForce 760,NVidia,Asus,4.0,GDDR5
1695,GeForce 760,NVidia,EVGA,2.0,GDDR5
1696,GeForce 760,NVidia,EVGA,4.0,GDDR5
1697,GeForce 760,NVidia,Gainward,2.0,GDDR5
1698,GeForce 760,NVidia,GALAX,2.0,GDDR5
1699,GeForce 760,NVidia,Gigabyte,2.0,GDDR5
1700,GeForce 760,NVidia,Gigabyte,4.0,GDDR5
1701,GeForce 760,NVidia,Inno3D,2.0,GDDR5
1702,GeForce 760,NVidia,KFA2,2.0,GDDR5
1703,GeForce 760,NVidia,MSI,2.0,GDDR5
1704,GeForce 760,NVidia,MSI,4.0,GDDR5
1705,GeForce 760,NVidia,Palit,2.0,GDDR5
1706,GeForce 760,NVidia,PNY,2.0,GDDR5
1707,GeForce 760,NVidia,Zotac,2.0,GDDR5
1708,GeForce 760,NVidia,Zotac,4.0,GDDR5
1709,GeForce 7600,NVidia,Asus,0.25,GDDR
1710,GeForce 7600,NVidia,Asus,0.5,GDDR2
1711,GeForce 7600,NVidia,EVGA,0.5,GDDR2
1712,GeForce 7600,NVidia,Gainward,0.25,GDDR3
1713,GeForce 7600,NVidia,Gigabyte,0.25,GDDR2
1714,GeForce 7600,NVidia,Inno3D,0.25,GDDR3
1715,GeForce 7600,NVidia,Jetway,0.25,GDDR2
1716,GeForce 7600,NVidia,Jetway,0.25,GDDR3
1717,GeForce 7600,NVidia,Jetway,0.5,GDDR2
1718,GeForce 7600,NVidia,MSI,0.25,GDDR3
1719,GeForce 7600,NVidia,Sparkle,0.25,GDDR2
1720,GeForce 7600,NVidia,Sparkle,0.25,GDDR3
1721,GeForce 7600,NVidia,XFX,0.25,GDDR3
1722,GeForce 770,NVidia,AMD,2.0,GDDR5
1723,GeForce 770,NVidia,Asus,2.0,GDDR5
1724,GeForce 770,NVidia,Asus,4.0,GDDR5
1725,GeForce 770,NVidia,EVGA,2.0,GDDR5
1726,GeForce 770,NVidia,EVGA,4.0,GDDR5
1727,GeForce 770,NVidia,Gainward,2.0,GDDR5
1728,GeForce 770,NVidia,Gainward,4.0,GDDR5
1729,GeForce 770,NVidia,GALAX,2.0,GDDR5
1730,GeForce 770,NVidia,GALAX,4.0,GDDR5
1731,GeForce 770,NVidia,Gigabyte,2.0,GDDR5
1732,GeForce 770,NVidia,Gigabyte,4.0,GDDR5
1733,GeForce 770,NVidia,Inno3D,2.0,GDDR5
1734,GeForce 770,NVidia,KFA2,2.0,GDDR5
1735,GeForce 770,NVidia,MSI,2.0,GDDR5
1736,GeForce 770,NVidia,MSI,4.0,GDDR5
1737,GeForce 770,NVidia,NVidia,2.0,GDDR5
1738,GeForce 770,NVidia,Palit,2.0,GDDR5
1739,GeForce 770,NVidia,PNY,2.0,GDDR5
1740,GeForce 770,NVidia,PNY,4.0,GDDR5
1741,GeForce 770,NVidia,Zotac,2.0,GDDR5
1742,GeForce 770,NVidia,Zotac,4.0,GDDR5
1743,GeForce 780,NVidia,Asus,3.0,GDDR5
1744,GeForce 780,NVidia,Asus,6.0,GDDR5
1745,GeForce 780,NVidia,EVGA,3.0,GDDR5
1746,GeForce 780,NVidia,Gainward,3.0,GDDR5
1747,GeForce 780,NVidia,Gainward,6.0,GDDR5
1748,GeForce 780,NVidia,GALAX,3.0,GDDR5
1749,GeForce 780,NVidia,Gigabyte,3.0,GDDR5
1750,GeForce 780,NVidia,KFA2,3.0,GDDR5
1751,GeForce 780,NVidia,MSI,3.0,GDDR5
1752,GeForce 780,NVidia,MSI,6.0,GDDR5
1753,GeForce 780,NVidia,Palit,3.0,GDDR5
1754,GeForce 780,NVidia,PNY,3.0,GDDR5
1755,GeForce 780,NVidia,Zotac,3.0,GDDR5
1756,GeForce 780 Ti,NVidia,Asus,3.0,GDDR5
1757,GeForce 780 Ti,NVidia,EVGA,3.0,GDDR5
1758,GeForce 780 Ti,NVidia,Gainward,3.0,GDDR5
1759,GeForce 780 Ti,NVidia,GALAX,3.0,GDDR5
1760,GeForce 780 Ti,NVidia,Gigabyte,3.0,GDDR5
1761,GeForce 780 Ti,NVidia,KFA2,3.0,GDDR5
1762,GeForce 780 Ti,NVidia,MSI,3.0,GDDR5
1763,GeForce 780 Ti,NVidia,PNY,3.0,GDDR5
1764,GeForce 780 Ti,NVidia,Zotac,3.0,GDDR5
1765,GeForce 7900,NVidia,Asus,0.25,GDDR3
1766,GeForce 7900,NVidia,Point of View,0.5,GDDR3
1767,GeForce 7900,NVidia,Sparkle,0.25,GDDR3
1768,GeForce 7900,NVidia,XFX,0.25,GDDR3
1769,GeForce 7950,NVidia,EVGA,0.5,GDDR3
1770,GeForce 7950,NVidia,Gainward,0.5,GDDR3
1771,GeForce 7950,NVidia,Gigabyte,0.5,GDDR3
1772,GeForce 7950,NVidia,Inno3D,0.5,GDDR3
1773,GeForce 7950,NVidia,XFX,0.25,GDDR3
1774,GeForce 8400,NVidia,Asus,0.5,GDDR2
1775,GeForce 8400,NVidia,Asus,1.0,GDDR3
1776,GeForce 8400,NVidia,BFG Technologies,0.5,GDDR
1777,GeForce 8400,NVidia,ECS Elitegroup,0.5,GDDR2
1778,GeForce 8400,NVidia,ECS Elitegroup,1.0,GDDR2
1779,GeForce 8400,NVidia,EVGA,0.25,GDDR
1780,GeForce 8400,NVidia,EVGA,0.5,GDDR2
1781,GeForce 8400,NVidia,EVGA,0.5,GDDR3
1782,GeForce 8400,NVidia,EVGA,1.0,GDDR3
1783,GeForce 8400,NVidia,Gainward,0.25,GDDR2
1784,GeForce 8400,NVidia,Gainward,0.5,GDDR3
1785,GeForce 8400,NVidia,Gainward,1.0,GDDR3
1786,GeForce 8400,NVidia,GALAX,0.5,GDDR3
1787,GeForce 8400,NVidia,Gigabyte,0.25,GDDR2
1788,GeForce 8400,NVidia,Gigabyte,0.5,GDDR3
1789,GeForce 8400,NVidia,Inno3D,0.25,GDDR2
1790,GeForce 8400,NVidia,MSI,0.25,GDDR2
1791,GeForce 8400,NVidia,MSI,0.5,GDDR2
1792,GeForce 8400,NVidia,MSI,1.0,GDDR3
1793,GeForce 8400,NVidia,PNY,0.5,GDDR2
1794,GeForce 8400,NVidia,PNY,0.5,GDDR3
1795,GeForce 8400,NVidia,Sparkle,0.5,GDDR2
1796,GeForce 8400,NVidia,XFX,0.25,GDDR2
1797,GeForce 8400,NVidia,XFX,0.5,GDDR2
1798,GeForce 8400,NVidia,XpertVision,0.25,GDDR2
1799,GeForce 8400,NVidia,Zotac,0.25,GDDR3
1800,GeForce 8400,NVidia,Zotac,0.5,GDDR2
1801,GeForce 8400,NVidia,Zotac,1.0,GDDR3
1802,GeForce 8500,NVidia,Asus,0.25,GDDR2
1803,GeForce 8500,NVidia,Biostar,0.25,GDDR2
1804,GeForce 8500,NVidia,EVGA,0.5,GDDR
1805,GeForce 8500,NVidia,Inno3D,0.5,GDDR2
1806,GeForce 8500,NVidia,Sparkle,0.5,GDDR2
1807,GeForce 8500,NVidia,XFX,0.25,GDDR2
1808,GeForce 8500,NVidia,XFX,0.5,GDDR2
1809,GeForce 8500,NVidia,XFX,1.0,GDDR2
1810,GeForce 8600,NVidia,Asus,0.25,GDDR3
1811,GeForce 8600,NVidia,BFG Technologies,0.5,GDDR3
1812,GeForce 8600,NVidia,EVGA,0.25,GDDR3
1813,GeForce 8600,NVidia,EVGA,0.5,GDDR
1814,GeForce 8600,NVidia,Gigabyte,0.3125,GDDR3
1815,GeForce 8600,NVidia,Gigabyte,0.5,GDDR2
1816,GeForce 8600,NVidia,MSI,0.25,GDDR2
1817,GeForce 8600,NVidia,MSI,0.25,GDDR3
1818,GeForce 8600,NVidia,Sparkle,0.5,GDDR2
1819,GeForce 8600,NVidia,XFX,0.25,GDDR3
1820,GeForce 8600,NVidia,XFX,0.5,GDDR2
1821,GeForce 8600,NVidia,XpertVision,0.5,GDDR2
1822,GeForce 8600,NVidia,XpertVision,0.5,GDDR3
1823,GeForce 8800,NVidia,Albatron,0.625,GDDR3
1824,GeForce 8800,NVidia,Asus,0.3125,GDDR3
1825,GeForce 8800,NVidia,Asus,0.375,GDDR3
1826,GeForce 8800,NVidia,Asus,0.75,GDDR3
1827,GeForce 8800,NVidia,BFG Technologies,0.5,GDDR3
1828,GeForce 8800,NVidia,BFG Technologies,0.75,GDDR3
1829,GeForce 8800,NVidia,EVGA,0.5,GDDR3
1830,GeForce 8800,NVidia,EVGA,0.625,GDDR3
1831,GeForce 8800,NVidia,EVGA,0.75,GDDR3
1832,GeForce 8800,NVidia,Gainward,0.625,GDDR3
1833,GeForce 8800,NVidia,Gainward,0.75,GDDR3
1834,GeForce 8800,NVidia,Gigabyte,0.25,GDDR3
1835,GeForce 8800,NVidia,Gigabyte,0.5,GDDR3
1836,GeForce 8800,NVidia,Gigabyte,0.625,GDDR3
1837,GeForce 8800,NVidia,Gigabyte,0.75,GDDR3
1838,GeForce 8800,NVidia,Inno3D,0.5,GDDR3
1839,GeForce 8800,NVidia,Inno3D,0.625,GDDR3
1840,GeForce 8800,NVidia,Inno3D,0.75,GDDR3
1841,GeForce 8800,NVidia,MSI,0.5,GDDR3
1842,GeForce 8800,NVidia,MSI,0.75,GDDR3
1843,GeForce 8800,NVidia,Palit,0.5,GDDR3
1844,GeForce 8800,NVidia,Sparkle,0.5,GDDR3
1845,GeForce 8800,NVidia,Sparkle,0.75,GDDR3
1846,GeForce 8800,NVidia,Sparkle,1.0,GDDR3
1847,GeForce 8800,NVidia,XFX,0.375,GDDR3
1848,GeForce 8800,NVidia,XFX,0.5,GDDR3
1849,GeForce 8800,NVidia,XFX,0.625,GDDR3
1850,GeForce 8800,NVidia,XFX,0.75,GDDR3
1851,GeForce 8800,NVidia,XpertVision,0.5,GDDR3
1852,GeForce 8800,NVidia,XpertVision,0.625,GDDR3
1853,GeForce 9400,NVidia,Asus,0.5,GDDR2
1854,GeForce 9400,NVidia,BFG Technologies,0.5,GDDR2
1855,GeForce 9400,NVidia,EVGA,0.5,GDDR2
1856,GeForce 9400,NVidia,EVGA,1.0,GDDR2
1857,GeForce 9400,NVidia,XFX,0.5,GDDR2
1858,GeForce 9400,NVidia,XFX,1.0,GDDR2
1859,GeForce 950,NVidia,Asus,2.0,GDDR5
1860,GeForce 950,NVidia,EVGA,2.0,GDDR5
1861,GeForce 950,NVidia,Gainward,2.0,GDDR5
1862,GeForce 950,NVidia,GALAX,2.0,GDDR5
1863,GeForce 950,NVidia,Gigabyte,2.0,GDDR5
1864,GeForce 950,NVidia,Inno3D,2.0,GDDR5
1865,GeForce 950,NVidia,MSI,2.0,GDDR5
1866,GeForce 950,NVidia,Palit,2.0,GDDR5
1867,GeForce 950,NVidia,PNY,2.0,GDDR5
1868,GeForce 950,NVidia,Zotac,2.0,GDDR5
1869,GeForce 9500,NVidia,Asus,0.5,GDDR2
1870,GeForce 9500,NVidia,ECS Elitegroup,1.0,GDDR2
1871,GeForce 9500,NVidia,EVGA,1.0,GDDR3
1872,GeForce 9500,NVidia,Gainward,0.5,GDDR2
1873,GeForce 9500,NVidia,Palit,1.0,GDDR2
1874,GeForce 9500,NVidia,PNY,1.0,GDDR2
1875,GeForce 9500,NVidia,XFX,0.5,GDDR2
1876,GeForce 9500,NVidia,XFX,0.5,GDDR3
1877,GeForce 9500,NVidia,XFX,1.0,GDDR2
1878,GeForce 9500,NVidia,Zotac,0.5,GDDR2
1879,GeForce 960,NVidia,Asus,2.0,GDDR5
1880,GeForce 960,NVidia,Asus,4.0,GDDR5
1881,GeForce 960,NVidia,EVGA,2.0,GDDR5
1882,GeForce 960,NVidia,EVGA,4.0,GDDR5
1883,GeForce 960,NVidia,Gainward,2.0,GDDR5
1884,GeForce 960,NVidia,GALAX,2.0,GDDR5
1885,GeForce 960,NVidia,Gigabyte,2.0,GDDR5
1886,GeForce 960,NVidia,Gigabyte,4.0,GDDR5
1887,GeForce 960,NVidia,Inno3D,2.0,GDDR5
1888,GeForce 960,NVidia,KFA2,2.0,GDDR5
1889,GeForce 960,NVidia,MSI,2.0,GDDR5
1890,GeForce 960,NVidia,MSI,4.0,GDDR5
1891,GeForce 960,NVidia,Palit,2.0,GDDR5
1892,GeForce 960,NVidia,Palit,4.0,GDDR5
1893,GeForce 960,NVidia,PNY,2.0,GDDR5
1894,GeForce 960,NVidia,PNY,4.0,GDDR5
1895,GeForce 960,NVidia,Zogis,2.0,GDDR5
1896,GeForce 960,NVidia,Zotac,2.0,GDDR5
1897,GeForce 960,NVidia,Zotac,4.0,GDDR5
1898,GeForce 9600,NVidia,Asus,0.5,GDDR3
1899,GeForce 9600,NVidia,BFG Technologies,0.5,GDDR3
1900,GeForce 9600,NVidia,EVGA,0.5,GDDR3
1901,GeForce 9600,NVidia,EVGA,1.5,GDDR2
1902,GeForce 9600,NVidia,Gigabyte,0.5,GDDR3
1903,GeForce 9600,NVidia,MSI,1.0,GDDR
1904,GeForce 9600,NVidia,Sparkle,0.5,GDDR3
1905,GeForce 9600,NVidia,XpertVision,0.5,GDDR3
1906,GeForce 9600,NVidia,Zotac,0.5,GDDR3
1907,GeForce 970,NVidia,Asus,4.0,GDDR5
1908,GeForce 970,NVidia,EVGA,4.0,GDDR5
1909,GeForce 970,NVidia,Gainward,4.0,GDDR5
1910,GeForce 970,NVidia,GALAX,4.0,GDDR5
1911,GeForce 970,NVidia,Gigabyte,4.0,GDDR5
1912,GeForce 970,NVidia,Inno3D,4.0,GDDR5
1913,GeForce 970,NVidia,MSI,4.0,GDDR5
1914,GeForce 970,NVidia,NVidia,4.0,GDDR5
1915,GeForce 970,NVidia,OcUK,4.0,GDDR5
1916,GeForce 970,NVidia,Palit,4.0,GDDR5
1917,GeForce 970,NVidia,PNY,4.0,GDDR5
1918,GeForce 970,NVidia,Zogis,4.0,GDDR5
1919,GeForce 970,NVidia,Zotac,4.0,GDDR5
1920,GeForce 980,NVidia,AMD,4.0,GDDR5
1921,GeForce 980,NVidia,Asus,4.0,GDDR5
1922,GeForce 980,NVidia,EVGA,4.0,GDDR5
1923,GeForce 980,NVidia,Gainward,4.0,GDDR5
1924,GeForce 980,NVidia,GALAX,4.0,GDDR5
1925,GeForce 980,NVidia,Gigabyte,4.0,GDDR5
1926,GeForce 980,NVidia,Inno3D,4.0,GDDR5
1927,GeForce 980,NVidia,KFA2,4.0,GDDR5
1928,GeForce 980,NVidia,MSI,4.0,GDDR5
1929,GeForce 980,NVidia,NVidia,4.0,GDDR5
1930,GeForce 980,NVidia,OcUK,4.0,GDDR5
1931,GeForce 980,NVidia,Palit,4.0,GDDR5
1932,GeForce 980,NVidia,PNY,4.0,GDDR5
1933,GeForce 980,NVidia,Zogis,4.0,GDDR5
1934,GeForce 980,NVidia,Zotac,4.0,GDDR5
1935,GeForce 980 Ti,NVidia,AMD,6.0,GDDR5
1936,GeForce 980 Ti,NVidia,Asus,6.0,GDDR5
1937,GeForce 980 Ti,NVidia,EVGA,6.0,GDDR5
1938,GeForce 980 Ti,NVidia,GALAX,6.0,GDDR5
1939,GeForce 980 Ti,NVidia,Gigabyte,6.0,GDDR5
1940,GeForce 980 Ti,NVidia,Inno3D,6.0,GDDR5
1941,GeForce 980 Ti,NVidia,KFA2,6.0,GDDR5
1942,GeForce 980 Ti,NVidia,Manli,6.0,GDDR5
1943,GeForce 980 Ti,NVidia,MSI,6.0,GDDR5
1944,GeForce 980 Ti,NVidia,OcUK,6.0,GDDR5
1945,GeForce 980 Ti,NVidia,Palit,6.0,GDDR5
1946,GeForce 980 Ti,NVidia,PNY,6.0,GDDR5
1947,GeForce 980 Ti,NVidia,Zotac,6.0,GDDR5
1948,GeForce 9800,NVidia,Asus,0.5,GDDR3
1949,GeForce 9800,NVidia,BFG Technologies,0.5,GDDR3
1950,GeForce 9800,NVidia,BFG Technologies,1.0,GDDR3
1951,GeForce 9800,NVidia,EVGA,0.5,GDDR3
1952,GeForce 9800,NVidia,EVGA,1.0,GDDR3
1953,GeForce 9800,NVidia,Gigabyte,1.0,GDDR3
1954,GeForce 9800,NVidia,Sparkle,0.5,GDDR3
1955,GeForce 9800,NVidia,XFX,0.5,GDDR3
1956,GeForce 9800,NVidia,XpertVision,0.5,GDDR3
1957,GeForce 9800,NVidia,Zotac,0.5,GDDR3
1958,GeForce 9800,NVidia,Zotac,1.0,GDDR3
1959,GeForce Titan V,NVidia,NVidia,12.0,HBM2
1960,GeForce Titan X,NVidia,Asus,6.0,GDDR5
1961,GeForce Titan X,NVidia,Asus,12.0,GDDR5
1962,GeForce Titan X,NVidia,EVGA,6.0,GDDR5
1963,GeForce Titan X,NVidia,EVGA,12.0,GDDR5
1964,GeForce Titan X,NVidia,GALAX,12.0,GDDR5
1965,GeForce Titan X,NVidia,Gigabyte,6.0,GDDR5
1966,GeForce Titan X,NVidia,Gigabyte,12.0,GDDR5
1967,GeForce Titan X,NVidia,MSI,6.0,GDDR5
1968,GeForce Titan X,NVidia,MSI,12.0,GDDR5
1969,GeForce Titan X,NVidia,NVidia,12.0,GDDR5
1970,GeForce Titan X,NVidia,NVidia,12.0,GDDR5X
1971,GeForce Titan X,NVidia,OcUK,12.0,GDDR5
1972,GeForce Titan X,NVidia,Palit,12.0,GDDR5
1973,GeForce Titan X,NVidia,PNY,12.0,GDDR5
1974,GeForce Titan X,NVidia,Zotac,6.0,GDDR5
1975,GeForce Titan X,NVidia,Zotac,12.0,GDDR5
1976,Quadro 2000,NVidia,PNY,1.0,GDDR5
1977,Quadro 2000,NVidia,PNY,4.0,GDDR5
1978,Quadro 2000,NVidia,PNY,6.0,GDDR5
1979,Quadro 2000D,NVidia,PNY,1.0,GDDR5
1980,Quadro 400,NVidia,PNY,0.5,GDDR3
1981,Quadro 400,NVidia,PNY,0.5,GDDR5
1982,Quadro 400,NVidia,PNY,2.0,GDDR5
1983,Quadro 4000,NVidia,PNY,2.0,GDDR5
1984,Quadro 4000,NVidia,PNY,8.0,GDDR5
1985,Quadro 410,NVidia,HP,0.5,GDDR3
1986,Quadro 410,NVidia,Lenovo,0.5,GDDR3
1987,Quadro 410,NVidia,PNY,0.5,GDDR3
1988,Quadro 5000,NVidia,PNY,2.5,GDDR5
1989,Quadro 600,NVidia,PNY,1.0,GDDR3
1990,Quadro 600,NVidia,PNY,2.0,GDDR5
1991,Quadro 6000,NVidia,PNY,6.0,GDDR5
1992,Quadro FX1500,NVidia,PNY,0.25,GDDR3
1993,Quadro FX1700,NVidia,PNY,0.5,GDDR2
1994,Quadro FX1800,NVidia,PNY,0.75,GDDR3
1995,Quadro FX380,NVidia,PNY,0.25,GDDR3
1996,Quadro FX4800,NVidia,PNY,1.5,GDDR3
1997,Quadro FX5500,NVidia,PNY,1.0,GDDR2
1998,Quadro FX5600,NVidia,PNY,1.5,GDDR3
1999,Quadro FX570,NVidia,PNY,0.25,GDDR2
2000,Quadro FX580,NVidia,PNY,0.5,GDDR3
2001,Quadro FX5800,NVidia,PNY,4.0,GDDR3
2002,Quadro GP100,NVidia,PNY,16.0,HBM2
2003,Quadro K1200,NVidia,PNY,4.0,GDDR5
2004,Quadro K2000,NVidia,HP,2.0,GDDR5
2005,Quadro K2000,NVidia,Lenovo,2.0,GDDR5
2006,Quadro K2000,NVidia,PNY,2.0,GDDR5
2007,Quadro K2000D,NVidia,PNY,2.0,GDDR5
2008,Quadro K2200,NVidia,PNY,4.0,GDDR5
2009,Quadro K4000,NVidia,HP,3.0,GDDR5
2010,Quadro K4000,NVidia,NVidia,3.0,GDDR5
2011,Quadro K4000,NVidia,PNY,3.0,GDDR5
2012,Quadro K4000M,NVidia,HP,4.0,GDDR5
2013,Quadro K420,NVidia,PNY,1.0,GDDR3
2014,Quadro K420,NVidia,PNY,2.0,GDDR3
2015,Quadro K4200,NVidia,PNY,4.0,GDDR5
2016,Quadro K5000,NVidia,HP,4.0,GDDR5
2017,Quadro K5000,NVidia,PNY,4.0,GDDR5
2018,Quadro K5200,NVidia,PNY,8.0,GDDR5
2019,Quadro K600,NVidia,Dell,1.0,GDDR3
2020,Quadro K600,NVidia,HP,1.0,GDDR3
2021,Quadro K600,NVidia,PNY,1.0,GDDR3
2022,Quadro K6000,NVidia,PNY,12.0,GDDR5
2023,Quadro K620,NVidia,PNY,2.0,GDDR3
2024,Quadro M2000,NVidia,PNY,4.0,GDDR5
2025,Quadro M4000,NVidia,PNY,8.0,GDDR5
2026,Quadro M5000,NVidia,PNY,8.0,GDDR5
2027,Quadro M6000,NVidia,PNY,12.0,GDDR5
2028,Quadro M6000,NVidia,PNY,16.0,GDDR5
2029,Quadro M6000,NVidia,PNY,24.0,GDDR5
2030,Quadro NVS285,NVidia,PNY,0.125,GDDR2
2031,Quadro NVS290,NVidia,PNY,0.25,GDDR2
2032,Quadro NVS295,NVidia,PNY,0.25,GDDR3
2033,Quadro NVS300,NVidia,PNY,0.5,GDDR3
2034,Quadro NVS310,NVidia,PNY,0.5,GDDR3
2035,Quadro NVS310,NVidia,PNY,1.0,GDDR3
2036,Quadro NVS315,NVidia,PNY,1.0,GDDR3
2037,Quadro NVS410,NVidia,PNY,0.5,GDDR3
2038,Quadro NVS420,NVidia,PNY,0.5,GDDR3
2039,Quadro NVS440,NVidia,PNY,4.0,GDDR3
2040,Quadro NVS450,NVidia,PNY,0.25,GDDR3
2041,Quadro NVS450,NVidia,PNY,0.5,GDDR3
2042,Quadro NVS510,NVidia,PNY,2.0,GDDR3
2043,Quadro NVS810,NVidia,PNY,0.5,GDDR3
2044,Quadro NVS810,NVidia,PNY,4.0,GDDR3
2045,Quadro P1000,NVidia,PNY,4.0,GDDR5
2046,Quadro P2000,NVidia,PNY,5.0,GDDR5
2047,Quadro P400,NVidia,PNY,2.0,GDDR5
2048,Quadro P4000,NVidia,PNY,8.0,GDDR5
2049,Quadro P5000,NVidia,PNY,16.0,GDDR5
2050,Quadro P5000,NVidia,PNY,16.0,GDDR5X
2051,Quadro P600,NVidia,PNY,2.0,GDDR5
2052,Quadro P6000,NVidia,PNY,24.0,GDDR5
2053,Quadro P6000,NVidia,PNY,24.0,GDDR5X
2054,Quadro P620,NVidia,PNY,2.0,GDDR5
